{
    "ids":{
        "0":"上海",
        "1":"南京",
        "2":"无锡",
        "3":"常州",
        "4":"苏州",
        "5":"南通",
        "6":"盐城",
        "7":"扬州",
        "8":"镇江",
        "9":"泰州",
        "10":"杭州",
        "11":"宁波",
        "12":"嘉兴",
        "13":"湖州",
        "14":"绍兴",
        "15":"金华",
        "16":"舟山",
        "17":"台州",
        "18":"合肥",
        "19":"芜湖",
        "20":"蚌埠",
        "21":"马鞍",
        "22":"铜陵",
        "23":"安庆",
        "24":"滁州",
        "25":"池州",
        "26":"宣城"
        
        
    },
    


    "rows":[
    {
        "上海": 0,
        "南京": 67635,
        "无锡": 138150,
        "常州": 70913,
        "苏州": 1168198,
        "南通": 62562,
        "盐城": 16888,
        "扬州": 19317,
        "镇江": 26186,
        "泰州": 23892,
        "杭州": 133854,
        "宁波": 67899,
        "嘉兴": 222600,
        "湖州": 29939,
        "绍兴": 24713,
        "金华": 40113,
        "舟山": 65452,
        "台州": 23247,
        "合肥": 45222,
        "芜湖": 18827,
        "蚌埠": 7625,
        "马鞍": 6429,
        "铜陵": 534,
        "安庆": 2028,
        "滁州": 4241,
        "池州": 740,
        "宣城": 5712
    },
    {
        "上海": 67355,
        "南京": 0,
        "无锡": 47477,
        "常州": 42770,
        "苏州": 56618,
        "南通": 16382,
        "盐城": 12652,
        "扬州": 39135,
        "镇江": 159868,
        "泰州": 18916,
        "杭州": 29618,
        "宁波": 10773,
        "嘉兴": 7597,
        "湖州": 2221,
        "绍兴": 2734,
        "金华": 7898,
        "舟山": 113,
        "台州": 6362,
        "合肥": 32483,
        "芜湖": 39177,
        "蚌埠": 9842,
        "马鞍": 33485,
        "铜陵": 871,
        "安庆": 2971,
        "滁州": 71882,
        "池州": 1455,
        "宣城": 44122
    },
    {
        "上海": 138152,
        "南京": 47451,
        "无锡": 0,
        "常州": 205108,
        "苏州": 454902,
        "南通": 38430,
        "盐城": 16497,
        "扬州": 14910,
        "镇江": 25793,
        "泰州": 38158,
        "杭州": 29460,
        "宁波": 20743,
        "嘉兴": 25292,
        "湖州": 15120,
        "绍兴": 6031,
        "金华": 11866,
        "舟山": 296,
        "台州": 8263,
        "合肥": 8851,
        "芜湖": 6521,
        "蚌埠": 2826,
        "马鞍": 2850,
        "铜陵": 109,
        "安庆": 789,
        "滁州": 1048,
        "池州": 82,
        "宣城": 24511
    },
    {
        "上海": 70780,
        "南京": 42756,
        "无锡": 203782,
        "常州": 0,
        "苏州": 102304,
        "南通": 14939,
        "盐城": 5227,
        "扬州": 13253,
        "镇江": 75713,
        "泰州": 16437,
        "杭州": 18955,
        "宁波": 13804,
        "嘉兴": 12742,
        "湖州": 7995,
        "绍兴": 2527,
        "金华": 4933,
        "舟山": 346,
        "台州": 3760,
        "合肥": 4620,
        "芜湖": 5118,
        "蚌埠": 142,
        "马鞍": 4369,
        "铜陵": 229,
        "安庆": 671,
        "滁州": 1401,
        "池州": 99,
        "宣城": 14425
    },
    {
        "上海": 1170780,
        "南京": 56493,
        "无锡": 455907,
        "常州": 102115,
        "苏州": 0,
        "南通": 96956,
        "盐城": 20833,
        "扬州": 13438,
        "镇江": 25181,
        "泰州": 24596,
        "杭州": 89205,
        "宁波": 47019,
        "嘉兴": 95572,
        "湖州": 38960,
        "绍兴": 37966,
        "金华": 38078,
        "舟山": 2317,
        "台州": 19402,
        "合肥": 28838,
        "芜湖": 14595,
        "蚌埠": 5177,
        "马鞍": 10190,
        "铜陵": 182,
        "安庆": 411,
        "滁州": 6311,
        "池州": 308,
        "宣城": 5337
    },
    {
        "上海": 62552,
        "南京": 16369,
        "无锡": 38455,
        "常州": 14921,
        "苏州": 96950,
        "南通": 0,
        "盐城": 11097,
        "扬州": 3817,
        "镇江": 6475,
        "泰州": 22919,
        "杭州": 14907,
        "宁波": 7651,
        "嘉兴": 8390,
        "湖州": 1735,
        "绍兴": 2179,
        "金华": 5246,
        "舟山": 466,
        "台州": 2480,
        "合肥": 1830,
        "芜湖": 1228,
        "蚌埠": 907,
        "马鞍": 1307,
        "铜陵": 66,
        "安庆": 357,
        "滁州": 1813,
        "池州": 20,
        "宣城": 649
    },
    {
        "上海": 16840,
        "南京": 12665,
        "无锡": 16539,
        "常州": 5215,
        "苏州": 20930,
        "南通": 11107,
        "盐城": 0,
        "扬州": 3087,
        "镇江": 5619,
        "泰州": 22602,
        "杭州": 7130,
        "宁波": 1596,
        "嘉兴": 4401,
        "湖州": 465,
        "绍兴": 779,
        "金华": 5139,
        "舟山": 24,
        "台州": 376,
        "合肥": 1281,
        "芜湖": 590,
        "蚌埠": 26,
        "马鞍": 500,
        "铜陵": 36,
        "安庆": 100,
        "滁州": 312,
        "池州": 45,
        "宣城": 1648
    },
    {
        "上海": 19246,
        "南京": 39016,
        "无锡": 14897,
        "常州": 13304,
        "苏州": 13505,
        "南通": 3824,
        "盐城": 3080,
        "扬州": 0,
        "镇江": 16795,
        "泰州": 39099,
        "杭州": 7409,
        "宁波": 2761,
        "嘉兴": 3464,
        "湖州": 2187,
        "绍兴": 392,
        "金华": 4166,
        "舟山": 104,
        "台州": 667,
        "合肥": 2343,
        "芜湖": 920,
        "蚌埠": 223,
        "马鞍": 3085,
        "铜陵": 126,
        "安庆": 38,
        "滁州": 9881,
        "池州": 143,
        "宣城": 93
    },
    {
        "上海": 26087,
        "南京": 161043,
        "无锡": 25775,
        "常州": 75667,
        "苏州": 25042,
        "南通": 6452,
        "盐城": 5614,
        "扬州": 16714,
        "镇江": 0,
        "泰州": 8843,
        "杭州": 3017,
        "宁波": 4287,
        "嘉兴": 4774,
        "湖州": 241,
        "绍兴": 889,
        "金华": 4186,
        "舟山": 233,
        "台州": 2126,
        "合肥": 6213,
        "芜湖": 9694,
        "蚌埠": 1303,
        "马鞍": 5040,
        "铜陵": 524,
        "安庆": 2072,
        "滁州": 8847,
        "池州": 509,
        "宣城": 4043
    },
    {
        "上海": 23945,
        "南京": 18909,
        "无锡": 38453,
        "常州": 15910,
        "苏州": 24545,
        "南通": 22864,
        "盐城": 22666,
        "扬州": 39080,
        "镇江": 8930,
        "泰州": 0,
        "杭州": 7966,
        "宁波": 3541,
        "嘉兴": 3520,
        "湖州": 311,
        "绍兴": 671,
        "金华": 2750,
        "舟山": 60,
        "台州": 3895,
        "合肥": 1093,
        "芜湖": 338,
        "蚌埠": 112,
        "马鞍": 1134,
        "铜陵": 10,
        "安庆": 24,
        "滁州": 4291,
        "池州": 2,
        "宣城": 132
    },
    {
        "上海": 133991,
        "南京": 29658,
        "无锡": 29479,
        "常州": 18980,
        "苏州": 88494,
        "南通": 14957,
        "盐城": 7088,
        "扬州": 7404,
        "镇江": 3003,
        "泰州": 8010,
        "杭州": 0,
        "宁波": 151111,
        "嘉兴": 378496,
        "湖州": 184785,
        "绍兴": 165781,
        "金华": 98176,
        "舟山": 2597,
        "台州": 54052,
        "合肥": 20486,
        "芜湖": 11866,
        "蚌埠": 2997,
        "马鞍": 2939,
        "铜陵": 54,
        "安庆": 627,
        "滁州": 1273,
        "池州": 61,
        "宣城": 121886
    },
    {
        "上海": 67936,
        "南京": 10728,
        "无锡": 20745,
        "常州": 13759,
        "苏州": 46813,
        "南通": 7649,
        "盐城": 1601,
        "扬州": 2762,
        "镇江": 4306,
        "泰州": 3547,
        "杭州": 150906,
        "宁波": 0,
        "嘉兴": 38550,
        "湖州": 14005,
        "绍兴": 32780,
        "金华": 50516,
        "舟山": 17420,
        "台州": 51956,
        "合肥": 6610,
        "芜湖": 3571,
        "蚌埠": 655,
        "马鞍": 3600,
        "铜陵": 80,
        "安庆": 1281,
        "滁州": 1301,
        "池州": 38,
        "宣城": 1129
    },
    {
        "上海": 222727,
        "南京": 7607,
        "无锡": 25331,
        "常州": 12749,
        "苏州": 98263,
        "南通": 8364,
        "盐城": 4401,
        "扬州": 3464,
        "镇江": 4778,
        "泰州": 3486,
        "杭州": 380300,
        "宁波": 38361,
        "嘉兴": 0,
        "湖州": 64068,
        "绍兴": 88649,
        "金华": 29737,
        "舟山": 7705,
        "台州": 17905,
        "合肥": 7749,
        "芜湖": 8265,
        "蚌埠": 2488,
        "马鞍": 1030,
        "铜陵": 318,
        "安庆": 123,
        "滁州": 500,
        "池州": 75,
        "宣城": 9093
    },
    {
        "上海": 29821,
        "南京": 2217,
        "无锡": 15093,
        "常州": 8008,
        "苏州": 39295,
        "南通": 1739,
        "盐城": 464,
        "扬州": 2200,
        "镇江": 242,
        "泰州": 290,
        "杭州": 184700,
        "宁波": 13942,
        "嘉兴": 64147,
        "湖州": 0,
        "绍兴": 18797,
        "金华": 10932,
        "舟山": 896,
        "台州": 2370,
        "合肥": 3040,
        "芜湖": 616,
        "蚌埠": 54,
        "马鞍": 2170,
        "铜陵": 330,
        "安庆": 17,
        "滁州": 473,
        "池州": 46,
        "宣城": 48558
    },
    {
        "上海": 24664,
        "南京": 2724,
        "无锡": 6007,
        "常州": 2539,
        "苏州": 35983,
        "南通": 2161,
        "盐城": 799,
        "扬州": 394,
        "镇江": 892,
        "泰州": 662,
        "杭州": 165029,
        "宁波": 32587,
        "嘉兴": 91686,
        "湖州": 18990,
        "绍兴": 0,
        "金华": 14159,
        "舟山": 178,
        "台州": 4206,
        "合肥": 1694,
        "芜湖": 641,
        "蚌埠": 89,
        "马鞍": 1106,
        "铜陵": 30,
        "安庆": 36,
        "滁州": 326,
        "池州": 4,
        "宣城": 8975
    },
    {
        "上海": 40099,
        "南京": 7882,
        "无锡": 11880,
        "常州": 4927,
        "苏州": 38048,
        "南通": 5227,
        "盐城": 5125,
        "扬州": 4150,
        "镇江": 4200,
        "泰州": 2743,
        "杭州": 98022,
        "宁波": 50481,
        "嘉兴": 29825,
        "湖州": 10916,
        "绍兴": 14205,
        "金华": 0,
        "舟山": 125,
        "台州": 33471,
        "合肥": 8214,
        "芜湖": 2223,
        "蚌埠": 2495,
        "马鞍": 1778,
        "铜陵": 9,
        "安庆": 206,
        "滁州": 728,
        "池州": 15,
        "宣城": 108
    },
    {
        "上海": 65164,
        "南京": 109,
        "无锡": 305,
        "常州": 349,
        "苏州": 2290,
        "南通": 466,
        "盐城": 23,
        "扬州": 98,
        "镇江": 231,
        "泰州": 60,
        "杭州": 2561,
        "宁波": 17368,
        "嘉兴": 7725,
        "湖州": 903,
        "绍兴": 179,
        "金华": 129,
        "舟山": 0,
        "台州": 125,
        "合肥": 302,
        "芜湖": 8,
        "蚌埠": 187,
        "马鞍": 167,
        "铜陵": 0,
        "安庆": 4,
        "滁州": 12,
        "池州": 1,
        "宣城": 65
    },
    {
        "上海": 23136,
        "南京": 6385,
        "无锡": 8273,
        "常州": 3775,
        "苏州": 19404,
        "南通": 2494,
        "盐城": 370,
        "扬州": 658,
        "镇江": 2123,
        "泰州": 3895,
        "杭州": 53965,
        "宁波": 51881,
        "嘉兴": 17975,
        "湖州": 2391,
        "绍兴": 4225,
        "金华": 33425,
        "舟山": 126,
        "台州": 0,
        "合肥": 3299,
        "芜湖": 2757,
        "蚌埠": 758,
        "马鞍": 708,
        "铜陵": 0,
        "安庆": 7,
        "滁州": 67,
        "池州": 6,
        "宣城": 55
    },
    {
        "上海": 45023,
        "南京": 32441,
        "无锡": 8851,
        "常州": 4630,
        "苏州": 28848,
        "南通": 1817,
        "盐城": 1286,
        "扬州": 2336,
        "镇江": 6227,
        "泰州": 1094,
        "杭州": 20351,
        "宁波": 6573,
        "嘉兴": 7796,
        "湖州": 3045,
        "绍兴": 1690,
        "金华": 8221,
        "舟山": 316,
        "台州": 3324,
        "合肥": 0,
        "芜湖": 48321,
        "蚌埠": 37154,
        "马鞍": 20545,
        "铜陵": 8514,
        "安庆": 39034,
        "滁州": 18775,
        "池州": 10385,
        "宣城": 7847
    },
    {
        "上海": 18829,
        "南京": 39172,
        "无锡": 6550,
        "常州": 5115,
        "苏州": 14979,
        "南通": 1225,
        "盐城": 583,
        "扬州": 922,
        "镇江": 9815,
        "泰州": 332,
        "杭州": 11870,
        "宁波": 3573,
        "嘉兴": 8262,
        "湖州": 614,
        "绍兴": 650,
        "金华": 2203,
        "舟山": 8,
        "台州": 2755,
        "合肥": 48224,
        "芜湖": 0,
        "蚌埠": 2018,
        "马鞍": 27720,
        "铜陵": 12674,
        "安庆": 5339,
        "滁州": 2093,
        "池州": 4495,
        "宣城": 28300
    },
    {
        "上海": 7592,
        "南京": 9816,
        "无锡": 2836,
        "常州": 139,
        "苏州": 5161,
        "南通": 890,
        "盐城": 26,
        "扬州": 232,
        "镇江": 1303,
        "泰州": 112,
        "杭州": 2980,
        "宁波": 651,
        "嘉兴": 2496,
        "湖州": 53,
        "绍兴": 90,
        "金华": 2508,
        "舟山": 193,
        "台州": 762,
        "合肥": 37204,
        "芜湖": 2005,
        "蚌埠": 0,
        "马鞍": 1684,
        "铜陵": 19,
        "安庆": 165,
        "滁州": 17064,
        "池州": 107,
        "宣城": 30
    },
    {
        "上海": 6398,
        "南京": 33596,
        "无锡": 2811,
        "常州": 4369,
        "苏州": 9790,
        "南通": 1319,
        "盐城": 492,
        "扬州": 3107,
        "镇江": 5043,
        "泰州": 1144,
        "杭州": 2948,
        "宁波": 3595,
        "嘉兴": 1038,
        "湖州": 2173,
        "绍兴": 1101,
        "金华": 1776,
        "舟山": 167,
        "台州": 717,
        "合肥": 20495,
        "芜湖": 28300,
        "蚌埠": 1653,
        "马鞍": 0,
        "铜陵": 1255,
        "安庆": 3659,
        "滁州": 13935,
        "池州": 636,
        "宣城": 4653
    },
    {
        "上海": 530,
        "南京": 874,
        "无锡": 110,
        "常州": 229,
        "苏州": 180,
        "南通": 68,
        "盐城": 35,
        "扬州": 124,
        "镇江": 523,
        "泰州": 10,
        "杭州": 54,
        "宁波": 79,
        "嘉兴": 330,
        "湖州": 330,
        "绍兴": 30,
        "金华": 9,
        "舟山": 0,
        "台州": 0,
        "合肥": 8491,
        "芜湖": 12682,
        "蚌埠": 19,
        "马鞍": 1261,
        "铜陵": 0,
        "安庆": 1257,
        "滁州": 338,
        "池州": 2247,
        "宣城": 1534
    },
    {
        "上海": 2032,
        "南京": 2947,
        "无锡": 810,
        "常州": 666,
        "苏州": 408,
        "南通": 350,
        "盐城": 105,
        "扬州": 38,
        "镇江": 2097,
        "泰州": 24,
        "杭州": 627,
        "宁波": 1299,
        "嘉兴": 124,
        "湖州": 17,
        "绍兴": 31,
        "金华": 230,
        "舟山": 4,
        "台州": 7,
        "合肥": 39021,
        "芜湖": 5339,
        "蚌埠": 162,
        "马鞍": 3656,
        "铜陵": 1255,
        "安庆": 0,
        "滁州": 983,
        "池州": 1455,
        "宣城": 31
    },
    {
        "上海": 4177,
        "南京": 71656,
        "无锡": 1027,
        "常州": 1392,
        "苏州": 6281,
        "南通": 1823,
        "盐城": 310,
        "扬州": 9872,
        "镇江": 8910,
        "泰州": 4308,
        "杭州": 1273,
        "宁波": 1290,
        "嘉兴": 490,
        "湖州": 484,
        "绍兴": 326,
        "金华": 721,
        "舟山": 12,
        "台州": 67,
        "合肥": 18763,
        "芜湖": 2076,
        "蚌埠": 17045,
        "马鞍": 14088,
        "铜陵": 330,
        "安庆": 978,
        "滁州": 0,
        "池州": 59,
        "宣城": 549
    },
    {
        "上海": 756,
        "南京": 1450,
        "无锡": 88,
        "常州": 97,
        "苏州": 308,
        "南通": 20,
        "盐城": 44,
        "扬州": 137,
        "镇江": 511,
        "泰州": 2,
        "杭州": 60,
        "宁波": 38,
        "嘉兴": 75,
        "湖州": 46,
        "绍兴": 7,
        "金华": 3,
        "舟山": 1,
        "台州": 6,
        "合肥": 10363,
        "芜湖": 4492,
        "蚌埠": 107,
        "马鞍": 634,
        "铜陵": 2253,
        "安庆": 1467,
        "滁州": 59,
        "池州": 0,
        "宣城": 1229
    },
    {
        "上海": 5720,
        "南京": 44243,
        "无锡": 24541,
        "常州": 14537,
        "苏州": 5339,
        "南通": 649,
        "盐城": 1744,
        "扬州": 93,
        "镇江": 4097,
        "泰州": 89,
        "杭州": 123039,
        "宁波": 1140,
        "嘉兴": 9149,
        "湖州": 48720,
        "绍兴": 9180,
        "金华": 107,
        "舟山": 64,
        "台州": 56,
        "合肥": 7839,
        "芜湖": 28296,
        "蚌埠": 31,
        "马鞍": 4649,
        "铜陵": 1534,
        "安庆": 30,
        "滁州": 546,
        "池州": 1241,
        "宣城": 0
    }
]
    "cols":[
        {
            "上海": 0,
            "南京": 67355,
            "无锡": 138152,
            "常州": 70780,
            "苏州": 1170780,
            "南通": 62552,
            "盐城": 16840,
            "扬州": 19246,
            "镇江": 26087,
            "泰州": 23945,
            "杭州": 133991,
            "宁波": 67936,
            "嘉兴": 222727,
            "湖州": 29821,
            "绍兴": 24664,
            "金华": 40099,
            "舟山": 65164,
            "台州": 23136,
            "合肥": 45023,
            "芜湖": 18829,
            "蚌埠": 7592,
            "马鞍": 6398,
            "铜陵": 530,
            "安庆": 2032,
            "滁州": 4177,
            "池州": 756,
            "宣城": 5720
        },
        {
            "上海": 67635,
            "南京": 0,
            "无锡": 47451,
            "常州": 42756,
            "苏州": 56493,
            "南通": 16369,
            "盐城": 12665,
            "扬州": 39016,
            "镇江": 161043,
            "泰州": 18909,
            "杭州": 29658,
            "宁波": 10728,
            "嘉兴": 7607,
            "湖州": 2217,
            "绍兴": 2724,
            "金华": 7882,
            "舟山": 109,
            "台州": 6385,
            "合肥": 32441,
            "芜湖": 39172,
            "蚌埠": 9816,
            "马鞍": 33596,
            "铜陵": 874,
            "安庆": 2947,
            "滁州": 71656,
            "池州": 1450,
            "宣城": 44243
        },
        {
            "上海": 138150,
            "南京": 47477,
            "无锡": 0,
            "常州": 203782,
            "苏州": 455907,
            "南通": 38455,
            "盐城": 16539,
            "扬州": 14897,
            "镇江": 25775,
            "泰州": 38453,
            "杭州": 29479,
            "宁波": 20745,
            "嘉兴": 25331,
            "湖州": 15093,
            "绍兴": 6007,
            "金华": 11880,
            "舟山": 305,
            "台州": 8273,
            "合肥": 8851,
            "芜湖": 6550,
            "蚌埠": 2836,
            "马鞍": 2811,
            "铜陵": 110,
            "安庆": 810,
            "滁州": 1027,
            "池州": 88,
            "宣城": 24541
        },
        {
            "上海": 70913,
            "南京": 42770,
            "无锡": 205108,
            "常州": 0,
            "苏州": 102115,
            "南通": 14921,
            "盐城": 5215,
            "扬州": 13304,
            "镇江": 75667,
            "泰州": 15910,
            "杭州": 18980,
            "宁波": 13759,
            "嘉兴": 12749,
            "湖州": 8008,
            "绍兴": 2539,
            "金华": 4927,
            "舟山": 349,
            "台州": 3775,
            "合肥": 4630,
            "芜湖": 5115,
            "蚌埠": 139,
            "马鞍": 4369,
            "铜陵": 229,
            "安庆": 666,
            "滁州": 1392,
            "池州": 97,
            "宣城": 14537
        },
        {
            "上海": 1168198,
            "南京": 56618,
            "无锡": 454902,
            "常州": 102304,
            "苏州": 0,
            "南通": 96950,
            "盐城": 20930,
            "扬州": 13505,
            "镇江": 25042,
            "泰州": 24545,
            "杭州": 88494,
            "宁波": 46813,
            "嘉兴": 98263,
            "湖州": 39295,
            "绍兴": 35983,
            "金华": 38048,
            "舟山": 2290,
            "台州": 19404,
            "合肥": 28848,
            "芜湖": 14979,
            "蚌埠": 5161,
            "马鞍": 9790,
            "铜陵": 180,
            "安庆": 408,
            "滁州": 6281,
            "池州": 308,
            "宣城": 5339
        },
        {
            "上海": 62562,
            "南京": 16382,
            "无锡": 38430,
            "常州": 14939,
            "苏州": 96956,
            "南通": 0,
            "盐城": 11107,
            "扬州": 3824,
            "镇江": 6452,
            "泰州": 22864,
            "杭州": 14957,
            "宁波": 7649,
            "嘉兴": 8364,
            "湖州": 1739,
            "绍兴": 2161,
            "金华": 5227,
            "舟山": 466,
            "台州": 2494,
            "合肥": 1817,
            "芜湖": 1225,
            "蚌埠": 890,
            "马鞍": 1319,
            "铜陵": 68,
            "安庆": 350,
            "滁州": 1823,
            "池州": 20,
            "宣城": 649
        },
        {
            "上海": 16888,
            "南京": 12652,
            "无锡": 16497,
            "常州": 5227,
            "苏州": 20833,
            "南通": 11097,
            "盐城": 0,
            "扬州": 3080,
            "镇江": 5614,
            "泰州": 22666,
            "杭州": 7088,
            "宁波": 1601,
            "嘉兴": 4401,
            "湖州": 464,
            "绍兴": 799,
            "金华": 5125,
            "舟山": 23,
            "台州": 370,
            "合肥": 1286,
            "芜湖": 583,
            "蚌埠": 26,
            "马鞍": 492,
            "铜陵": 35,
            "安庆": 105,
            "滁州": 310,
            "池州": 44,
            "宣城": 1744
        },
        {
            "上海": 19317,
            "南京": 39135,
            "无锡": 14910,
            "常州": 13253,
            "苏州": 13438,
            "南通": 3817,
            "盐城": 3087,
            "扬州": 0,
            "镇江": 16714,
            "泰州": 39080,
            "杭州": 7404,
            "宁波": 2762,
            "嘉兴": 3464,
            "湖州": 2200,
            "绍兴": 394,
            "金华": 4150,
            "舟山": 98,
            "台州": 658,
            "合肥": 2336,
            "芜湖": 922,
            "蚌埠": 232,
            "马鞍": 3107,
            "铜陵": 124,
            "安庆": 38,
            "滁州": 9872,
            "池州": 137,
            "宣城": 93
        },
        {
            "上海": 26186,
            "南京": 159868,
            "无锡": 25793,
            "常州": 75713,
            "苏州": 25181,
            "南通": 6475,
            "盐城": 5619,
            "扬州": 16795,
            "镇江": 0,
            "泰州": 8930,
            "杭州": 3003,
            "宁波": 4306,
            "嘉兴": 4778,
            "湖州": 242,
            "绍兴": 892,
            "金华": 4200,
            "舟山": 231,
            "台州": 2123,
            "合肥": 6227,
            "芜湖": 9815,
            "蚌埠": 1303,
            "马鞍": 5043,
            "铜陵": 523,
            "安庆": 2097,
            "滁州": 8910,
            "池州": 511,
            "宣城": 4097
        },
        {
            "上海": 23892,
            "南京": 18916,
            "无锡": 38158,
            "常州": 16437,
            "苏州": 24596,
            "南通": 22919,
            "盐城": 22602,
            "扬州": 39099,
            "镇江": 8843,
            "泰州": 0,
            "杭州": 8010,
            "宁波": 3547,
            "嘉兴": 3486,
            "湖州": 290,
            "绍兴": 662,
            "金华": 2743,
            "舟山": 60,
            "台州": 3895,
            "合肥": 1094,
            "芜湖": 332,
            "蚌埠": 112,
            "马鞍": 1144,
            "铜陵": 10,
            "安庆": 24,
            "滁州": 4308,
            "池州": 2,
            "宣城": 89
        },
        {
            "上海": 133854,
            "南京": 29618,
            "无锡": 29460,
            "常州": 18955,
            "苏州": 89205,
            "南通": 14907,
            "盐城": 7130,
            "扬州": 7409,
            "镇江": 3017,
            "泰州": 7966,
            "杭州": 0,
            "宁波": 150906,
            "嘉兴": 380300,
            "湖州": 184700,
            "绍兴": 165029,
            "金华": 98022,
            "舟山": 2561,
            "台州": 53965,
            "合肥": 20351,
            "芜湖": 11870,
            "蚌埠": 2980,
            "马鞍": 2948,
            "铜陵": 54,
            "安庆": 627,
            "滁州": 1273,
            "池州": 60,
            "宣城": 123039
        },
        {
            "上海": 67899,
            "南京": 10773,
            "无锡": 20743,
            "常州": 13804,
            "苏州": 47019,
            "南通": 7651,
            "盐城": 1596,
            "扬州": 2761,
            "镇江": 4287,
            "泰州": 3541,
            "杭州": 151111,
            "宁波": 0,
            "嘉兴": 38361,
            "湖州": 13942,
            "绍兴": 32587,
            "金华": 50481,
            "舟山": 17368,
            "台州": 51881,
            "合肥": 6573,
            "芜湖": 3573,
            "蚌埠": 651,
            "马鞍": 3595,
            "铜陵": 79,
            "安庆": 1299,
            "滁州": 1290,
            "池州": 38,
            "宣城": 1140
        },
        {
            "上海": 222600,
            "南京": 7597,
            "无锡": 25292,
            "常州": 12742,
            "苏州": 95572,
            "南通": 8390,
            "盐城": 4401,
            "扬州": 3464,
            "镇江": 4774,
            "泰州": 3520,
            "杭州": 378496,
            "宁波": 38550,
            "嘉兴": 0,
            "湖州": 64147,
            "绍兴": 91686,
            "金华": 29825,
            "舟山": 7725,
            "台州": 17975,
            "合肥": 7796,
            "芜湖": 8262,
            "蚌埠": 2496,
            "马鞍": 1038,
            "铜陵": 330,
            "安庆": 124,
            "滁州": 490,
            "池州": 75,
            "宣城": 9149
        },
        {
            "上海": 29939,
            "南京": 2221,
            "无锡": 15120,
            "常州": 7995,
            "苏州": 38960,
            "南通": 1735,
            "盐城": 465,
            "扬州": 2187,
            "镇江": 241,
            "泰州": 311,
            "杭州": 184785,
            "宁波": 14005,
            "嘉兴": 64068,
            "湖州": 0,
            "绍兴": 18990,
            "金华": 10916,
            "舟山": 903,
            "台州": 2391,
            "合肥": 3045,
            "芜湖": 614,
            "蚌埠": 53,
            "马鞍": 2173,
            "铜陵": 330,
            "安庆": 17,
            "滁州": 484,
            "池州": 46,
            "宣城": 48720
        },
        {
            "上海": 24713,
            "南京": 2734,
            "无锡": 6031,
            "常州": 2527,
            "苏州": 37966,
            "南通": 2179,
            "盐城": 779,
            "扬州": 392,
            "镇江": 889,
            "泰州": 671,
            "杭州": 165781,
            "宁波": 32780,
            "嘉兴": 88649,
            "湖州": 18797,
            "绍兴": 0,
            "金华": 14205,
            "舟山": 179,
            "台州": 4225,
            "合肥": 1690,
            "芜湖": 650,
            "蚌埠": 90,
            "马鞍": 1101,
            "铜陵": 30,
            "安庆": 31,
            "滁州": 326,
            "池州": 7,
            "宣城": 9180
        },
        {
            "上海": 40113,
            "南京": 7898,
            "无锡": 11866,
            "常州": 4933,
            "苏州": 38078,
            "南通": 5246,
            "盐城": 5139,
            "扬州": 4166,
            "镇江": 4186,
            "泰州": 2750,
            "杭州": 98176,
            "宁波": 50516,
            "嘉兴": 29737,
            "湖州": 10932,
            "绍兴": 14159,
            "金华": 0,
            "舟山": 129,
            "台州": 33425,
            "合肥": 8221,
            "芜湖": 2203,
            "蚌埠": 2508,
            "马鞍": 1776,
            "铜陵": 9,
            "安庆": 230,
            "滁州": 721,
            "池州": 3,
            "宣城": 107
        },
        {
            "上海": 65452,
            "南京": 113,
            "无锡": 296,
            "常州": 346,
            "苏州": 2317,
            "南通": 466,
            "盐城": 24,
            "扬州": 104,
            "镇江": 233,
            "泰州": 60,
            "杭州": 2597,
            "宁波": 17420,
            "嘉兴": 7705,
            "湖州": 896,
            "绍兴": 178,
            "金华": 125,
            "舟山": 0,
            "台州": 126,
            "合肥": 316,
            "芜湖": 8,
            "蚌埠": 193,
            "马鞍": 167,
            "铜陵": 0,
            "安庆": 4,
            "滁州": 12,
            "池州": 1,
            "宣城": 64
        },
        {
            "上海": 23247,
            "南京": 6362,
            "无锡": 8263,
            "常州": 3760,
            "苏州": 19402,
            "南通": 2480,
            "盐城": 376,
            "扬州": 667,
            "镇江": 2126,
            "泰州": 3895,
            "杭州": 54052,
            "宁波": 51956,
            "嘉兴": 17905,
            "湖州": 2370,
            "绍兴": 4206,
            "金华": 33471,
            "舟山": 125,
            "台州": 0,
            "合肥": 3324,
            "芜湖": 2755,
            "蚌埠": 762,
            "马鞍": 717,
            "铜陵": 0,
            "安庆": 7,
            "滁州": 67,
            "池州": 6,
            "宣城": 56
        },
        {
            "上海": 45222,
            "南京": 32483,
            "无锡": 8851,
            "常州": 4620,
            "苏州": 28838,
            "南通": 1830,
            "盐城": 1281,
            "扬州": 2343,
            "镇江": 6213,
            "泰州": 1093,
            "杭州": 20486,
            "宁波": 6610,
            "嘉兴": 7749,
            "湖州": 3040,
            "绍兴": 1694,
            "金华": 8214,
            "舟山": 302,
            "台州": 3299,
            "合肥": 0,
            "芜湖": 48224,
            "蚌埠": 37204,
            "马鞍": 20495,
            "铜陵": 8491,
            "安庆": 39021,
            "滁州": 18763,
            "池州": 10363,
            "宣城": 7839
        },
        {
            "上海": 18827,
            "南京": 39177,
            "无锡": 6521,
            "常州": 5118,
            "苏州": 14595,
            "南通": 1228,
            "盐城": 590,
            "扬州": 920,
            "镇江": 9694,
            "泰州": 338,
            "杭州": 11866,
            "宁波": 3571,
            "嘉兴": 8265,
            "湖州": 616,
            "绍兴": 641,
            "金华": 2223,
            "舟山": 8,
            "台州": 2757,
            "合肥": 48321,
            "芜湖": 0,
            "蚌埠": 2005,
            "马鞍": 28300,
            "铜陵": 12682,
            "安庆": 5339,
            "滁州": 2076,
            "池州": 4492,
            "宣城": 28296
        },
        {
            "上海": 7625,
            "南京": 9842,
            "无锡": 2826,
            "常州": 142,
            "苏州": 5177,
            "南通": 907,
            "盐城": 26,
            "扬州": 223,
            "镇江": 1303,
            "泰州": 112,
            "杭州": 2997,
            "宁波": 655,
            "嘉兴": 2488,
            "湖州": 54,
            "绍兴": 89,
            "金华": 2495,
            "舟山": 187,
            "台州": 758,
            "合肥": 37154,
            "芜湖": 2018,
            "蚌埠": 0,
            "马鞍": 1653,
            "铜陵": 19,
            "安庆": 162,
            "滁州": 17045,
            "池州": 107,
            "宣城": 31
        },
        {
            "上海": 6429,
            "南京": 33485,
            "无锡": 2850,
            "常州": 4369,
            "苏州": 10190,
            "南通": 1307,
            "盐城": 500,
            "扬州": 3085,
            "镇江": 5040,
            "泰州": 1134,
            "杭州": 2939,
            "宁波": 3600,
            "嘉兴": 1030,
            "湖州": 2170,
            "绍兴": 1106,
            "金华": 1778,
            "舟山": 167,
            "台州": 708,
            "合肥": 20545,
            "芜湖": 27720,
            "蚌埠": 1684,
            "马鞍": 0,
            "铜陵": 1261,
            "安庆": 3656,
            "滁州": 14088,
            "池州": 634,
            "宣城": 4649
        },
        {
            "上海": 534,
            "南京": 871,
            "无锡": 109,
            "常州": 229,
            "苏州": 182,
            "南通": 66,
            "盐城": 36,
            "扬州": 126,
            "镇江": 524,
            "泰州": 10,
            "杭州": 54,
            "宁波": 80,
            "嘉兴": 318,
            "湖州": 330,
            "绍兴": 30,
            "金华": 9,
            "舟山": 0,
            "台州": 0,
            "合肥": 8514,
            "芜湖": 12674,
            "蚌埠": 19,
            "马鞍": 1255,
            "铜陵": 0,
            "安庆": 1255,
            "滁州": 330,
            "池州": 2253,
            "宣城": 1534
        },
        {
            "上海": 2028,
            "南京": 2971,
            "无锡": 789,
            "常州": 671,
            "苏州": 411,
            "南通": 357,
            "盐城": 100,
            "扬州": 38,
            "镇江": 2072,
            "泰州": 24,
            "杭州": 627,
            "宁波": 1281,
            "嘉兴": 123,
            "湖州": 17,
            "绍兴": 36,
            "金华": 206,
            "舟山": 4,
            "台州": 7,
            "合肥": 39034,
            "芜湖": 5339,
            "蚌埠": 165,
            "马鞍": 3659,
            "铜陵": 1257,
            "安庆": 0,
            "滁州": 978,
            "池州": 1467,
            "宣城": 30
        },
        {
            "上海": 4241,
            "南京": 71882,
            "无锡": 1048,
            "常州": 1401,
            "苏州": 6311,
            "南通": 1813,
            "盐城": 312,
            "扬州": 9881,
            "镇江": 8847,
            "泰州": 4291,
            "杭州": 1273,
            "宁波": 1301,
            "嘉兴": 500,
            "湖州": 473,
            "绍兴": 326,
            "金华": 728,
            "舟山": 12,
            "台州": 67,
            "合肥": 18775,
            "芜湖": 2093,
            "蚌埠": 17064,
            "马鞍": 13935,
            "铜陵": 338,
            "安庆": 983,
            "滁州": 0,
            "池州": 59,
            "宣城": 546
        },
        {
            "上海": 740,
            "南京": 1455,
            "无锡": 82,
            "常州": 99,
            "苏州": 308,
            "南通": 20,
            "盐城": 45,
            "扬州": 143,
            "镇江": 509,
            "泰州": 2,
            "杭州": 61,
            "宁波": 38,
            "嘉兴": 75,
            "湖州": 46,
            "绍兴": 4,
            "金华": 15,
            "舟山": 1,
            "台州": 6,
            "合肥": 10385,
            "芜湖": 4495,
            "蚌埠": 107,
            "马鞍": 636,
            "铜陵": 2247,
            "安庆": 1455,
            "滁州": 59,
            "池州": 0,
            "宣城": 1241
        },
        {
            "上海": 5712,
            "南京": 44122,
            "无锡": 24511,
            "常州": 14425,
            "苏州": 5337,
            "南通": 649,
            "盐城": 1648,
            "扬州": 93,
            "镇江": 4043,
            "泰州": 132,
            "杭州": 121886,
            "宁波": 1129,
            "嘉兴": 9093,
            "湖州": 48558,
            "绍兴": 8975,
            "金华": 108,
            "舟山": 65,
            "台州": 55,
            "合肥": 7847,
            "芜湖": 28300,
            "蚌埠": 30,
            "马鞍": 4653,
            "铜陵": 1534,
            "安庆": 31,
            "滁州": 549,
            "池州": 1229,
            "宣城": 0
        }
    ]



}
