{
    "ids":{
        "0":"上海",
        "1":"南京",
        "2":"无锡",
        "3":"常州",
        "4":"苏州",
        "5":"南通",
        "6":"盐城",
        "7":"扬州",
        "8":"镇江",
        "9":"泰州",
        "10":"杭州",
        "11":"宁波",
        "12":"嘉兴",
        "13":"湖州",
        "14":"绍兴",
        "15":"金华",
        "16":"舟山",
        "17":"台州",
        "18":"合肥",
        "19":"芜湖",
        "20":"蚌埠",
        "21":"马鞍",
        "22":"铜陵",
        "23":"安庆",
        "24":"滁州",
        "25":"池州",
        "26":"宣城"
        
        
    },



    "rows":[
    {
        "上海": 0,
        "南京": 41920,
        "无锡": 87034,
        "常州": 36281,
        "苏州": 788389,
        "南通": 35072,
        "盐城": 11958,
        "扬州": 13382,
        "镇江": 12807,
        "泰州": 14838,
        "杭州": 75010,
        "宁波": 40592,
        "嘉兴": 115874,
        "湖州": 19332,
        "绍兴": 9696,
        "金华": 22422,
        "舟山": 36013,
        "台州": 12562,
        "合肥": 24737,
        "芜湖": 10242,
        "蚌埠": 3604,
        "马鞍": 4746,
        "铜陵": 534,
        "安庆": 1399,
        "滁州": 3904,
        "池州": 140,
        "宣城": 2910
    },
    {
        "上海": 41746,
        "南京": 0,
        "无锡": 30520,
        "常州": 25020,
        "苏州": 32856,
        "南通": 10115,
        "盐城": 7346,
        "扬州": 22667,
        "镇江": 90905,
        "泰州": 14756,
        "杭州": 17290,
        "宁波": 6906,
        "嘉兴": 5499,
        "湖州": 2479,
        "绍兴": 1284,
        "金华": 3853,
        "舟山": 113,
        "台州": 3700,
        "合肥": 20039,
        "芜湖": 22222,
        "蚌埠": 5292,
        "马鞍": 19063,
        "铜陵": 1725,
        "安庆": 2167,
        "滁州": 46365,
        "池州": 609,
        "宣城": 25108
    },
    {
        "上海": 87035,
        "南京": 30504,
        "无锡": 0,
        "常州": 121152,
        "苏州": 249112,
        "南通": 22260,
        "盐城": 11194,
        "扬州": 8963,
        "镇江": 12104,
        "泰州": 19916,
        "杭州": 17645,
        "宁波": 11153,
        "嘉兴": 14415,
        "湖州": 8276,
        "绍兴": 2669,
        "金华": 6556,
        "舟山": 203,
        "台州": 4929,
        "合肥": 6010,
        "芜湖": 3664,
        "蚌埠": 1528,
        "马鞍": 1748,
        "铜陵": 109,
        "安庆": 459,
        "滁州": 655,
        "池州": 82,
        "宣城": 11348
    },
    {
        "上海": 36213,
        "南京": 25012,
        "无锡": 120369,
        "常州": 0,
        "苏州": 58038,
        "南通": 8460,
        "盐城": 3342,
        "扬州": 5621,
        "镇江": 40855,
        "泰州": 9132,
        "杭州": 10748,
        "宁波": 4556,
        "嘉兴": 7928,
        "湖州": 4997,
        "绍兴": 1676,
        "金华": 2479,
        "舟山": 147,
        "台州": 2055,
        "合肥": 3357,
        "芜湖": 3839,
        "蚌埠": 142,
        "马鞍": 1605,
        "铜陵": 229,
        "安庆": 273,
        "滁州": 634,
        "池州": 99,
        "宣城": 9367
    },
    {
        "上海": 790132,
        "南京": 32783,
        "无锡": 249663,
        "常州": 57930,
        "苏州": 0,
        "南通": 58899,
        "盐城": 17574,
        "扬州": 8660,
        "镇江": 16084,
        "泰州": 19074,
        "杭州": 52074,
        "宁波": 27925,
        "嘉兴": 57246,
        "湖州": 21525,
        "绍兴": 22556,
        "金华": 18054,
        "舟山": 1805,
        "台州": 10545,
        "合肥": 25573,
        "芜湖": 9249,
        "蚌埠": 3361,
        "马鞍": 5923,
        "铜陵": 182,
        "安庆": 411,
        "滁州": 2869,
        "池州": 308,
        "宣城": 2471
    },
    {
        "上海": 35067,
        "南京": 10107,
        "无锡": 22274,
        "常州": 8450,
        "苏州": 58895,
        "南通": 0,
        "盐城": 6171,
        "扬州": 2704,
        "镇江": 2840,
        "泰州": 10562,
        "杭州": 8236,
        "宁波": 3472,
        "嘉兴": 6050,
        "湖州": 928,
        "绍兴": 1313,
        "金华": 3300,
        "舟山": 166,
        "台州": 1468,
        "合肥": 1930,
        "芜湖": 627,
        "蚌埠": 488,
        "马鞍": 1307,
        "铜陵": 66,
        "安庆": 51,
        "滁州": 692,
        "池州": 20,
        "宣城": 295
    },
    {
        "上海": 11924,
        "南京": 7354,
        "无锡": 11223,
        "常州": 3335,
        "苏州": 17656,
        "南通": 6177,
        "盐城": 0,
        "扬州": 2304,
        "镇江": 3349,
        "泰州": 15783,
        "杭州": 3583,
        "宁波": 1257,
        "嘉兴": 2452,
        "湖州": 465,
        "绍兴": 779,
        "金华": 2609,
        "舟山": 24,
        "台州": 376,
        "合肥": 763,
        "芜湖": 590,
        "蚌埠": 26,
        "马鞍": 361,
        "铜陵": 36,
        "安庆": 100,
        "滁州": 280,
        "池州": 45,
        "宣城": 103
    },
    {
        "上海": 13333,
        "南京": 22598,
        "无锡": 8955,
        "常州": 5642,
        "苏州": 8703,
        "南通": 2709,
        "盐城": 2299,
        "扬州": 0,
        "镇江": 9858,
        "泰州": 24008,
        "杭州": 3012,
        "宁波": 2761,
        "嘉兴": 3464,
        "湖州": 893,
        "绍兴": 392,
        "金华": 1729,
        "舟山": 71,
        "台州": 667,
        "合肥": 1486,
        "芜湖": 594,
        "蚌埠": 223,
        "马鞍": 549,
        "铜陵": 126,
        "安庆": 38,
        "滁州": 8017,
        "池州": 104,
        "宣城": 93
    },
    {
        "上海": 12759,
        "南京": 91573,
        "无锡": 12096,
        "常州": 40830,
        "苏州": 15995,
        "南通": 2830,
        "盐城": 3346,
        "扬州": 9810,
        "镇江": 0,
        "泰州": 5162,
        "杭州": 1494,
        "宁波": 3840,
        "嘉兴": 2900,
        "湖州": 241,
        "绍兴": 254,
        "金华": 2003,
        "舟山": 106,
        "台州": 1281,
        "合肥": 3013,
        "芜湖": 4582,
        "蚌埠": 917,
        "马鞍": 2691,
        "铜陵": 979,
        "安庆": 947,
        "滁州": 4107,
        "池州": 333,
        "宣城": 1671
    },
    {
        "上海": 14871,
        "南京": 14751,
        "无锡": 20071,
        "常州": 8838,
        "苏州": 19034,
        "南通": 10537,
        "盐城": 15828,
        "扬州": 23996,
        "镇江": 5212,
        "泰州": 0,
        "杭州": 6329,
        "宁波": 2426,
        "嘉兴": 2108,
        "湖州": 311,
        "绍兴": 238,
        "金华": 1487,
        "舟山": 60,
        "台州": 1701,
        "合肥": 679,
        "芜湖": 115,
        "蚌埠": 112,
        "马鞍": 591,
        "铜陵": 10,
        "安庆": 312,
        "滁州": 1998,
        "池州": 2,
        "宣城": 132
    },
    {
        "上海": 75086,
        "南京": 17313,
        "无锡": 17657,
        "常州": 10762,
        "苏州": 51659,
        "南通": 8264,
        "盐城": 3562,
        "扬州": 3010,
        "镇江": 1487,
        "泰州": 6365,
        "杭州": 0,
        "宁波": 96982,
        "嘉兴": 205316,
        "湖州": 98085,
        "绍兴": 105838,
        "金华": 61904,
        "舟山": 1453,
        "台州": 33061,
        "合肥": 11200,
        "芜湖": 6288,
        "蚌埠": 1753,
        "马鞍": 3757,
        "铜陵": 54,
        "安庆": 255,
        "滁州": 758,
        "池州": 61,
        "宣城": 58173
    },
    {
        "上海": 40614,
        "南京": 6877,
        "无锡": 11154,
        "常州": 4541,
        "苏州": 27802,
        "南通": 3471,
        "盐城": 1261,
        "扬州": 2762,
        "镇江": 3856,
        "泰州": 2430,
        "杭州": 96850,
        "宁波": 0,
        "嘉兴": 27624,
        "湖州": 6063,
        "绍兴": 16955,
        "金华": 24569,
        "舟山": 11671,
        "台州": 26233,
        "合肥": 4947,
        "芜湖": 2584,
        "蚌埠": 345,
        "马鞍": 3214,
        "铜陵": 80,
        "安庆": 968,
        "滁州": 923,
        "池州": 38,
        "宣城": 582
    },
    {
        "上海": 115940,
        "南京": 5507,
        "无锡": 14437,
        "常州": 7932,
        "苏州": 58858,
        "南通": 6031,
        "盐城": 2452,
        "扬州": 3464,
        "镇江": 2902,
        "泰州": 2088,
        "杭州": 206295,
        "宁波": 27488,
        "嘉兴": 0,
        "湖州": 33859,
        "绍兴": 41884,
        "金华": 16000,
        "舟山": 6362,
        "台州": 8446,
        "合肥": 3856,
        "芜湖": 2730,
        "蚌埠": 1455,
        "马鞍": 505,
        "铜陵": 159,
        "安庆": 123,
        "滁州": 258,
        "池州": 75,
        "宣城": 3886
    },
    {
        "上海": 19256,
        "南京": 2475,
        "无锡": 8261,
        "常州": 5005,
        "苏州": 21710,
        "南通": 930,
        "盐城": 464,
        "扬州": 898,
        "镇江": 242,
        "泰州": 290,
        "杭州": 98040,
        "宁波": 6036,
        "嘉兴": 33901,
        "湖州": 0,
        "绍兴": 7704,
        "金华": 6040,
        "舟山": 564,
        "台州": 1896,
        "合肥": 1767,
        "芜湖": 616,
        "蚌埠": 54,
        "马鞍": 801,
        "铜陵": 66,
        "安庆": 17,
        "滁州": 87,
        "池州": 46,
        "宣城": 24902
    },
    {
        "上海": 9677,
        "南京": 1279,
        "无锡": 2658,
        "常州": 1684,
        "苏州": 21378,
        "南通": 1302,
        "盐城": 799,
        "扬州": 394,
        "镇江": 255,
        "泰州": 235,
        "杭州": 105357,
        "宁波": 16855,
        "嘉兴": 43319,
        "湖州": 7783,
        "绍兴": 0,
        "金华": 9740,
        "舟山": 110,
        "台州": 2103,
        "合肥": 931,
        "芜湖": 209,
        "蚌埠": 89,
        "马鞍": 1106,
        "铜陵": 30,
        "安庆": 36,
        "滁州": 83,
        "池州": 4,
        "宣城": 4387
    },
    {
        "上海": 22414,
        "南京": 3845,
        "无锡": 6564,
        "常州": 2476,
        "苏州": 18040,
        "南通": 3288,
        "盐城": 2602,
        "扬州": 1722,
        "镇江": 2010,
        "泰州": 1483,
        "杭州": 61807,
        "宁波": 24552,
        "嘉兴": 16048,
        "湖州": 6031,
        "绍兴": 9771,
        "金华": 0,
        "舟山": 92,
        "台州": 14779,
        "合肥": 3979,
        "芜湖": 1249,
        "蚌埠": 1349,
        "马鞍": 2683,
        "铜陵": 9,
        "安庆": 113,
        "滁州": 104,
        "池州": 15,
        "宣城": 108
    },
    {
        "上海": 35854,
        "南京": 109,
        "无锡": 209,
        "常州": 148,
        "苏州": 1784,
        "南通": 166,
        "盐城": 23,
        "扬州": 67,
        "镇江": 105,
        "泰州": 60,
        "杭州": 1433,
        "宁波": 11636,
        "嘉兴": 6379,
        "湖州": 568,
        "绍兴": 111,
        "金华": 95,
        "舟山": 0,
        "台州": 125,
        "合肥": 173,
        "芜湖": 8,
        "蚌埠": 29,
        "马鞍": 167,
        "铜陵": 0,
        "安庆": 4,
        "滁州": 12,
        "池州": 1,
        "宣城": 65
    },
    {
        "上海": 12502,
        "南京": 3714,
        "无锡": 4936,
        "常州": 2063,
        "苏州": 10546,
        "南通": 1476,
        "盐城": 370,
        "扬州": 658,
        "镇江": 1279,
        "泰州": 1701,
        "杭州": 33008,
        "宁波": 26194,
        "嘉兴": 8479,
        "湖州": 1913,
        "绍兴": 2112,
        "金华": 14759,
        "舟山": 126,
        "台州": 0,
        "合肥": 2013,
        "芜湖": 1090,
        "蚌埠": 410,
        "马鞍": 246,
        "铜陵": 0,
        "安庆": 7,
        "滁州": 67,
        "池州": 6,
        "宣城": 55
    },
    {
        "上海": 24628,
        "南京": 20013,
        "无锡": 6010,
        "常州": 3364,
        "苏州": 25583,
        "南通": 1917,
        "盐城": 766,
        "扬州": 1481,
        "镇江": 3019,
        "泰州": 680,
        "杭州": 11126,
        "宁波": 4919,
        "嘉兴": 3880,
        "湖州": 1770,
        "绍兴": 929,
        "金华": 3982,
        "舟山": 181,
        "台州": 2028,
        "合肥": 0,
        "芜湖": 26975,
        "蚌埠": 23268,
        "马鞍": 11702,
        "铜陵": 3944,
        "安庆": 23742,
        "滁州": 11804,
        "池州": 6713,
        "宣城": 5610
    },
    {
        "上海": 10243,
        "南京": 22219,
        "无锡": 3680,
        "常州": 3836,
        "苏州": 9492,
        "南通": 625,
        "盐城": 583,
        "扬州": 595,
        "镇江": 4639,
        "泰州": 113,
        "杭州": 6291,
        "宁波": 2585,
        "嘉兴": 2729,
        "湖州": 614,
        "绍兴": 212,
        "金华": 1238,
        "舟山": 8,
        "台州": 1089,
        "合肥": 26921,
        "芜湖": 0,
        "蚌埠": 1091,
        "马鞍": 17482,
        "铜陵": 6154,
        "安庆": 2438,
        "滁州": 1506,
        "池州": 5205,
        "宣城": 15374
    },
    {
        "上海": 3589,
        "南京": 5278,
        "无锡": 1533,
        "常州": 139,
        "苏州": 3351,
        "南通": 479,
        "盐城": 26,
        "扬州": 232,
        "镇江": 917,
        "泰州": 112,
        "杭州": 1743,
        "宁波": 343,
        "嘉兴": 1460,
        "湖州": 53,
        "绍兴": 90,
        "金华": 1356,
        "舟山": 30,
        "台州": 412,
        "合肥": 23299,
        "芜湖": 1084,
        "蚌埠": 0,
        "马鞍": 1684,
        "铜陵": 19,
        "安庆": 165,
        "滁州": 14412,
        "池州": 107,
        "宣城": 30
    },
    {
        "上海": 4723,
        "南京": 19126,
        "无锡": 1724,
        "常州": 1605,
        "苏州": 5691,
        "南通": 1319,
        "盐城": 356,
        "扬州": 553,
        "镇江": 2692,
        "泰州": 596,
        "杭州": 3769,
        "宁波": 3209,
        "嘉兴": 509,
        "湖州": 802,
        "绍兴": 1101,
        "金华": 2681,
        "舟山": 167,
        "台州": 249,
        "合肥": 11673,
        "芜湖": 17848,
        "蚌埠": 1653,
        "马鞍": 0,
        "铜陵": 1028,
        "安庆": 1126,
        "滁州": 6732,
        "池州": 461,
        "宣城": 2725
    },
    {
        "上海": 530,
        "南京": 1731,
        "无锡": 110,
        "常州": 229,
        "苏州": 180,
        "南通": 68,
        "盐城": 35,
        "扬州": 124,
        "镇江": 978,
        "泰州": 10,
        "杭州": 54,
        "宁波": 79,
        "嘉兴": 165,
        "湖州": 66,
        "绍兴": 30,
        "金华": 9,
        "舟山": 0,
        "台州": 0,
        "合肥": 3933,
        "芜湖": 6158,
        "蚌埠": 19,
        "马鞍": 1033,
        "铜陵": 0,
        "安庆": 951,
        "滁州": 123,
        "池州": 820,
        "宣城": 1092
    },
    {
        "上海": 1402,
        "南京": 2149,
        "无锡": 471,
        "常州": 271,
        "苏州": 408,
        "南通": 50,
        "盐城": 105,
        "扬州": 38,
        "镇江": 958,
        "泰州": 312,
        "杭州": 255,
        "宁波": 982,
        "嘉兴": 124,
        "湖州": 17,
        "绍兴": 31,
        "金华": 126,
        "舟山": 4,
        "台州": 7,
        "合肥": 23734,
        "芜湖": 2438,
        "蚌埠": 162,
        "马鞍": 1125,
        "铜陵": 949,
        "安庆": 0,
        "滁州": 186,
        "池州": 1255,
        "宣城": 77
    },
    {
        "上海": 3845,
        "南京": 46219,
        "无锡": 642,
        "常州": 630,
        "苏州": 2855,
        "南通": 696,
        "盐城": 278,
        "扬州": 8010,
        "镇江": 4137,
        "泰州": 2006,
        "杭州": 758,
        "宁波": 915,
        "嘉兴": 253,
        "湖州": 89,
        "绍兴": 83,
        "金华": 103,
        "舟山": 12,
        "台州": 67,
        "合肥": 11797,
        "芜湖": 1494,
        "蚌埠": 14396,
        "马鞍": 6806,
        "铜陵": 120,
        "安庆": 185,
        "滁州": 0,
        "池州": 59,
        "宣城": 157
    },
    {
        "上海": 143,
        "南京": 607,
        "无锡": 88,
        "常州": 97,
        "苏州": 308,
        "南通": 20,
        "盐城": 44,
        "扬州": 99,
        "镇江": 334,
        "泰州": 2,
        "杭州": 60,
        "宁波": 38,
        "嘉兴": 75,
        "湖州": 46,
        "绍兴": 7,
        "金华": 3,
        "舟山": 1,
        "台州": 6,
        "合肥": 6699,
        "芜湖": 5201,
        "蚌埠": 107,
        "马鞍": 460,
        "铜陵": 822,
        "安庆": 1265,
        "滁州": 59,
        "池州": 0,
        "宣城": 746
    },
    {
        "上海": 2914,
        "南京": 25177,
        "无锡": 11362,
        "常州": 9440,
        "苏州": 2472,
        "南通": 295,
        "盐城": 109,
        "扬州": 93,
        "镇江": 1693,
        "泰州": 89,
        "杭州": 58723,
        "宁波": 588,
        "嘉兴": 3910,
        "湖州": 24985,
        "绍兴": 4488,
        "金华": 107,
        "舟山": 64,
        "台州": 56,
        "合肥": 5604,
        "芜湖": 15372,
        "蚌埠": 31,
        "马鞍": 2723,
        "铜陵": 1092,
        "安庆": 75,
        "滁州": 156,
        "池州": 754,
        "宣城": 0
    }
]
    "cols":
    [
        {
            "上海": 0,
            "南京": 41746,
            "无锡": 87035,
            "常州": 36213,
            "苏州": 790132,
            "南通": 35067,
            "盐城": 11924,
            "扬州": 13333,
            "镇江": 12759,
            "泰州": 14871,
            "杭州": 75086,
            "宁波": 40614,
            "嘉兴": 115940,
            "湖州": 19256,
            "绍兴": 9677,
            "金华": 22414,
            "舟山": 35854,
            "台州": 12502,
            "合肥": 24628,
            "芜湖": 10243,
            "蚌埠": 3589,
            "马鞍": 4723,
            "铜陵": 530,
            "安庆": 1402,
            "滁州": 3845,
            "池州": 143,
            "宣城": 2914
        },
        {
            "上海": 41920,
            "南京": 0,
            "无锡": 30504,
            "常州": 25012,
            "苏州": 32783,
            "南通": 10107,
            "盐城": 7354,
            "扬州": 22598,
            "镇江": 91573,
            "泰州": 14751,
            "杭州": 17313,
            "宁波": 6877,
            "嘉兴": 5507,
            "湖州": 2475,
            "绍兴": 1279,
            "金华": 3845,
            "舟山": 109,
            "台州": 3714,
            "合肥": 20013,
            "芜湖": 22219,
            "蚌埠": 5278,
            "马鞍": 19126,
            "铜陵": 1731,
            "安庆": 2149,
            "滁州": 46219,
            "池州": 607,
            "宣城": 25177
        },
        {
            "上海": 87034,
            "南京": 30520,
            "无锡": 0,
            "常州": 120369,
            "苏州": 249663,
            "南通": 22274,
            "盐城": 11223,
            "扬州": 8955,
            "镇江": 12096,
            "泰州": 20071,
            "杭州": 17657,
            "宁波": 11154,
            "嘉兴": 14437,
            "湖州": 8261,
            "绍兴": 2658,
            "金华": 6564,
            "舟山": 209,
            "台州": 4936,
            "合肥": 6010,
            "芜湖": 3680,
            "蚌埠": 1533,
            "马鞍": 1724,
            "铜陵": 110,
            "安庆": 471,
            "滁州": 642,
            "池州": 88,
            "宣城": 11362
        },
        {
            "上海": 36281,
            "南京": 25020,
            "无锡": 121152,
            "常州": 0,
            "苏州": 57930,
            "南通": 8450,
            "盐城": 3335,
            "扬州": 5642,
            "镇江": 40830,
            "泰州": 8838,
            "杭州": 10762,
            "宁波": 4541,
            "嘉兴": 7932,
            "湖州": 5005,
            "绍兴": 1684,
            "金华": 2476,
            "舟山": 148,
            "台州": 2063,
            "合肥": 3364,
            "芜湖": 3836,
            "蚌埠": 139,
            "马鞍": 1605,
            "铜陵": 229,
            "安庆": 271,
            "滁州": 630,
            "池州": 97,
            "宣城": 9440
        },
        {
            "上海": 788389,
            "南京": 32856,
            "无锡": 249112,
            "常州": 58038,
            "苏州": 0,
            "南通": 58895,
            "盐城": 17656,
            "扬州": 8703,
            "镇江": 15995,
            "泰州": 19034,
            "杭州": 51659,
            "宁波": 27802,
            "嘉兴": 58858,
            "湖州": 21710,
            "绍兴": 21378,
            "金华": 18040,
            "舟山": 1784,
            "台州": 10546,
            "合肥": 25583,
            "芜湖": 9492,
            "蚌埠": 3351,
            "马鞍": 5691,
            "铜陵": 180,
            "安庆": 408,
            "滁州": 2855,
            "池州": 308,
            "宣城": 2472
        },
        {
            "上海": 35072,
            "南京": 10115,
            "无锡": 22260,
            "常州": 8460,
            "苏州": 58899,
            "南通": 0,
            "盐城": 6177,
            "扬州": 2709,
            "镇江": 2830,
            "泰州": 10537,
            "杭州": 8264,
            "宁波": 3471,
            "嘉兴": 6031,
            "湖州": 930,
            "绍兴": 1302,
            "金华": 3288,
            "舟山": 166,
            "台州": 1476,
            "合肥": 1917,
            "芜湖": 625,
            "蚌埠": 479,
            "马鞍": 1319,
            "铜陵": 68,
            "安庆": 50,
            "滁州": 696,
            "池州": 20,
            "宣城": 295
        },
        {
            "上海": 11958,
            "南京": 7346,
            "无锡": 11194,
            "常州": 3342,
            "苏州": 17574,
            "南通": 6171,
            "盐城": 0,
            "扬州": 2299,
            "镇江": 3346,
            "泰州": 15828,
            "杭州": 3562,
            "宁波": 1261,
            "嘉兴": 2452,
            "湖州": 464,
            "绍兴": 799,
            "金华": 2602,
            "舟山": 23,
            "台州": 370,
            "合肥": 766,
            "芜湖": 583,
            "蚌埠": 26,
            "马鞍": 356,
            "铜陵": 35,
            "安庆": 105,
            "滁州": 278,
            "池州": 44,
            "宣城": 109
        },
        {
            "上海": 13382,
            "南京": 22667,
            "无锡": 8963,
            "常州": 5621,
            "苏州": 8660,
            "南通": 2704,
            "盐城": 2304,
            "扬州": 0,
            "镇江": 9810,
            "泰州": 23996,
            "杭州": 3010,
            "宁波": 2762,
            "嘉兴": 3464,
            "湖州": 898,
            "绍兴": 394,
            "金华": 1722,
            "舟山": 67,
            "台州": 658,
            "合肥": 1481,
            "芜湖": 595,
            "蚌埠": 232,
            "马鞍": 553,
            "铜陵": 124,
            "安庆": 38,
            "滁州": 8010,
            "池州": 99,
            "宣城": 93
        },
        {
            "上海": 12807,
            "南京": 90905,
            "无锡": 12104,
            "常州": 40855,
            "苏州": 16084,
            "南通": 2840,
            "盐城": 3349,
            "扬州": 9858,
            "镇江": 0,
            "泰州": 5212,
            "杭州": 1487,
            "宁波": 3856,
            "嘉兴": 2902,
            "湖州": 242,
            "绍兴": 255,
            "金华": 2010,
            "舟山": 105,
            "台州": 1279,
            "合肥": 3019,
            "芜湖": 4639,
            "蚌埠": 917,
            "马鞍": 2692,
            "铜陵": 978,
            "安庆": 958,
            "滁州": 4137,
            "池州": 334,
            "宣城": 1693
        },
        {
            "上海": 14838,
            "南京": 14756,
            "无锡": 19916,
            "常州": 9132,
            "苏州": 19074,
            "南通": 10562,
            "盐城": 15783,
            "扬州": 24008,
            "镇江": 5162,
            "泰州": 0,
            "杭州": 6365,
            "宁波": 2430,
            "嘉兴": 2088,
            "湖州": 290,
            "绍兴": 235,
            "金华": 1483,
            "舟山": 60,
            "台州": 1701,
            "合肥": 680,
            "芜湖": 113,
            "蚌埠": 112,
            "马鞍": 596,
            "铜陵": 10,
            "安庆": 312,
            "滁州": 2006,
            "池州": 2,
            "宣城": 89
        },
        {
            "上海": 75010,
            "南京": 17290,
            "无锡": 17645,
            "常州": 10748,
            "苏州": 52074,
            "南通": 8236,
            "盐城": 3583,
            "扬州": 3012,
            "镇江": 1494,
            "泰州": 6329,
            "杭州": 0,
            "宁波": 96850,
            "嘉兴": 206295,
            "湖州": 98040,
            "绍兴": 105357,
            "金华": 61807,
            "舟山": 1433,
            "台州": 33008,
            "合肥": 11126,
            "芜湖": 6291,
            "蚌埠": 1743,
            "马鞍": 3769,
            "铜陵": 54,
            "安庆": 255,
            "滁州": 758,
            "池州": 60,
            "宣城": 58723
        },
        {
            "上海": 40592,
            "南京": 6906,
            "无锡": 11153,
            "常州": 4556,
            "苏州": 27925,
            "南通": 3472,
            "盐城": 1257,
            "扬州": 2761,
            "镇江": 3840,
            "泰州": 2426,
            "杭州": 96982,
            "宁波": 0,
            "嘉兴": 27488,
            "湖州": 6036,
            "绍兴": 16855,
            "金华": 24552,
            "舟山": 11636,
            "台州": 26194,
            "合肥": 4919,
            "芜湖": 2585,
            "蚌埠": 343,
            "马鞍": 3209,
            "铜陵": 79,
            "安庆": 982,
            "滁州": 915,
            "池州": 38,
            "宣城": 588
        },
        {
            "上海": 115874,
            "南京": 5499,
            "无锡": 14415,
            "常州": 7928,
            "苏州": 57246,
            "南通": 6050,
            "盐城": 2452,
            "扬州": 3464,
            "镇江": 2900,
            "泰州": 2108,
            "杭州": 205316,
            "宁波": 27624,
            "嘉兴": 0,
            "湖州": 33901,
            "绍兴": 43319,
            "金华": 16048,
            "舟山": 6379,
            "台州": 8479,
            "合肥": 3880,
            "芜湖": 2729,
            "蚌埠": 1460,
            "马鞍": 509,
            "铜陵": 165,
            "安庆": 124,
            "滁州": 253,
            "池州": 75,
            "宣城": 3910
        },
        {
            "上海": 19332,
            "南京": 2479,
            "无锡": 8276,
            "常州": 4997,
            "苏州": 21525,
            "南通": 928,
            "盐城": 465,
            "扬州": 893,
            "镇江": 241,
            "泰州": 311,
            "杭州": 98085,
            "宁波": 6063,
            "嘉兴": 33859,
            "湖州": 0,
            "绍兴": 7783,
            "金华": 6031,
            "舟山": 568,
            "台州": 1913,
            "合肥": 1770,
            "芜湖": 614,
            "蚌埠": 53,
            "马鞍": 802,
            "铜陵": 66,
            "安庆": 17,
            "滁州": 89,
            "池州": 46,
            "宣城": 24985
        },
        {
            "上海": 9696,
            "南京": 1284,
            "无锡": 2669,
            "常州": 1676,
            "苏州": 22556,
            "南通": 1313,
            "盐城": 779,
            "扬州": 392,
            "镇江": 254,
            "泰州": 238,
            "杭州": 105838,
            "宁波": 16955,
            "嘉兴": 41884,
            "湖州": 7704,
            "绍兴": 0,
            "金华": 9771,
            "舟山": 111,
            "台州": 2112,
            "合肥": 929,
            "芜湖": 212,
            "蚌埠": 90,
            "马鞍": 1101,
            "铜陵": 30,
            "安庆": 31,
            "滁州": 83,
            "池州": 7,
            "宣城": 4488
        },
        {
            "上海": 22422,
            "南京": 3853,
            "无锡": 6556,
            "常州": 2479,
            "苏州": 18054,
            "南通": 3300,
            "盐城": 2609,
            "扬州": 1729,
            "镇江": 2003,
            "泰州": 1487,
            "杭州": 61904,
            "宁波": 24569,
            "嘉兴": 16000,
            "湖州": 6040,
            "绍兴": 9740,
            "金华": 0,
            "舟山": 95,
            "台州": 14759,
            "合肥": 3982,
            "芜湖": 1238,
            "蚌埠": 1356,
            "马鞍": 2681,
            "铜陵": 9,
            "安庆": 126,
            "滁州": 103,
            "池州": 3,
            "宣城": 107
        },
        {
            "上海": 36013,
            "南京": 113,
            "无锡": 203,
            "常州": 147,
            "苏州": 1805,
            "南通": 166,
            "盐城": 24,
            "扬州": 71,
            "镇江": 106,
            "泰州": 60,
            "杭州": 1453,
            "宁波": 11671,
            "嘉兴": 6362,
            "湖州": 564,
            "绍兴": 110,
            "金华": 92,
            "舟山": 0,
            "台州": 126,
            "合肥": 181,
            "芜湖": 8,
            "蚌埠": 30,
            "马鞍": 167,
            "铜陵": 0,
            "安庆": 4,
            "滁州": 12,
            "池州": 1,
            "宣城": 64
        },
        {
            "上海": 12562,
            "南京": 3700,
            "无锡": 4929,
            "常州": 2055,
            "苏州": 10545,
            "南通": 1468,
            "盐城": 376,
            "扬州": 667,
            "镇江": 1281,
            "泰州": 1701,
            "杭州": 33061,
            "宁波": 26233,
            "嘉兴": 8446,
            "湖州": 1896,
            "绍兴": 2103,
            "金华": 14779,
            "舟山": 125,
            "台州": 0,
            "合肥": 2028,
            "芜湖": 1089,
            "蚌埠": 412,
            "马鞍": 249,
            "铜陵": 0,
            "安庆": 7,
            "滁州": 67,
            "池州": 6,
            "宣城": 56
        },
        {
            "上海": 24737,
            "南京": 20039,
            "无锡": 6010,
            "常州": 3357,
            "苏州": 25573,
            "南通": 1930,
            "盐城": 763,
            "扬州": 1486,
            "镇江": 3013,
            "泰州": 679,
            "杭州": 11200,
            "宁波": 4947,
            "嘉兴": 3856,
            "湖州": 1767,
            "绍兴": 931,
            "金华": 3979,
            "舟山": 173,
            "台州": 2013,
            "合肥": 0,
            "芜湖": 26921,
            "蚌埠": 23299,
            "马鞍": 11673,
            "铜陵": 3933,
            "安庆": 23734,
            "滁州": 11797,
            "池州": 6699,
            "宣城": 5604
        },
        {
            "上海": 10242,
            "南京": 22222,
            "无锡": 3664,
            "常州": 3839,
            "苏州": 9249,
            "南通": 627,
            "盐城": 590,
            "扬州": 594,
            "镇江": 4582,
            "泰州": 115,
            "杭州": 6288,
            "宁波": 2584,
            "嘉兴": 2730,
            "湖州": 616,
            "绍兴": 209,
            "金华": 1249,
            "舟山": 8,
            "台州": 1090,
            "合肥": 26975,
            "芜湖": 0,
            "蚌埠": 1084,
            "马鞍": 17848,
            "铜陵": 6158,
            "安庆": 2438,
            "滁州": 1494,
            "池州": 5201,
            "宣城": 15372
        },
        {
            "上海": 3604,
            "南京": 5292,
            "无锡": 1528,
            "常州": 142,
            "苏州": 3361,
            "南通": 488,
            "盐城": 26,
            "扬州": 223,
            "镇江": 917,
            "泰州": 112,
            "杭州": 1753,
            "宁波": 345,
            "嘉兴": 1455,
            "湖州": 54,
            "绍兴": 89,
            "金华": 1349,
            "舟山": 29,
            "台州": 410,
            "合肥": 23268,
            "芜湖": 1091,
            "蚌埠": 0,
            "马鞍": 1653,
            "铜陵": 19,
            "安庆": 162,
            "滁州": 14396,
            "池州": 107,
            "宣城": 31
        },
        {
            "上海": 4746,
            "南京": 19063,
            "无锡": 1748,
            "常州": 1605,
            "苏州": 5923,
            "南通": 1307,
            "盐城": 361,
            "扬州": 549,
            "镇江": 2691,
            "泰州": 591,
            "杭州": 3757,
            "宁波": 3214,
            "嘉兴": 505,
            "湖州": 801,
            "绍兴": 1106,
            "金华": 2683,
            "舟山": 167,
            "台州": 246,
            "合肥": 11702,
            "芜湖": 17482,
            "蚌埠": 1684,
            "马鞍": 0,
            "铜陵": 1033,
            "安庆": 1125,
            "滁州": 6806,
            "池州": 460,
            "宣城": 2723
        },
        {
            "上海": 534,
            "南京": 1725,
            "无锡": 109,
            "常州": 229,
            "苏州": 182,
            "南通": 66,
            "盐城": 36,
            "扬州": 126,
            "镇江": 979,
            "泰州": 10,
            "杭州": 54,
            "宁波": 80,
            "嘉兴": 159,
            "湖州": 66,
            "绍兴": 30,
            "金华": 9,
            "舟山": 0,
            "台州": 0,
            "合肥": 3944,
            "芜湖": 6154,
            "蚌埠": 19,
            "马鞍": 1028,
            "铜陵": 0,
            "安庆": 949,
            "滁州": 120,
            "池州": 822,
            "宣城": 1092
        },
        {
            "上海": 1399,
            "南京": 2167,
            "无锡": 459,
            "常州": 273,
            "苏州": 411,
            "南通": 51,
            "盐城": 100,
            "扬州": 38,
            "镇江": 947,
            "泰州": 312,
            "杭州": 255,
            "宁波": 968,
            "嘉兴": 123,
            "湖州": 17,
            "绍兴": 36,
            "金华": 113,
            "舟山": 4,
            "台州": 7,
            "合肥": 23742,
            "芜湖": 2438,
            "蚌埠": 165,
            "马鞍": 1126,
            "铜陵": 951,
            "安庆": 0,
            "滁州": 185,
            "池州": 1265,
            "宣城": 75
        },
        {
            "上海": 3904,
            "南京": 46365,
            "无锡": 655,
            "常州": 634,
            "苏州": 2869,
            "南通": 692,
            "盐城": 280,
            "扬州": 8017,
            "镇江": 4107,
            "泰州": 1998,
            "杭州": 758,
            "宁波": 923,
            "嘉兴": 258,
            "湖州": 87,
            "绍兴": 83,
            "金华": 104,
            "舟山": 12,
            "台州": 67,
            "合肥": 11804,
            "芜湖": 1506,
            "蚌埠": 14412,
            "马鞍": 6732,
            "铜陵": 123,
            "安庆": 186,
            "滁州": 0,
            "池州": 59,
            "宣城": 156
        },
        {
            "上海": 140,
            "南京": 609,
            "无锡": 82,
            "常州": 99,
            "苏州": 308,
            "南通": 20,
            "盐城": 45,
            "扬州": 104,
            "镇江": 333,
            "泰州": 2,
            "杭州": 61,
            "宁波": 38,
            "嘉兴": 75,
            "湖州": 46,
            "绍兴": 4,
            "金华": 15,
            "舟山": 1,
            "台州": 6,
            "合肥": 6713,
            "芜湖": 5205,
            "蚌埠": 107,
            "马鞍": 461,
            "铜陵": 820,
            "安庆": 1255,
            "滁州": 59,
            "池州": 0,
            "宣城": 754
        },
        {
            "上海": 2910,
            "南京": 25108,
            "无锡": 11348,
            "常州": 9367,
            "苏州": 2471,
            "南通": 295,
            "盐城": 103,
            "扬州": 93,
            "镇江": 1671,
            "泰州": 132,
            "杭州": 58173,
            "宁波": 582,
            "嘉兴": 3886,
            "湖州": 24902,
            "绍兴": 4387,
            "金华": 108,
            "舟山": 65,
            "台州": 55,
            "合肥": 5610,
            "芜湖": 15374,
            "蚌埠": 30,
            "马鞍": 2725,
            "铜陵": 1092,
            "安庆": 77,
            "滁州": 157,
            "池州": 746,
            "宣城": 0
        }
    ]


}
