{
    "ids":{
        "0":"上海",
        "1":"南京",
        "2":"无锡",
        "3":"常州",
        "4":"苏州",
        "5":"南通",
        "6":"盐城",
        "7":"扬州",
        "8":"镇江",
        "9":"泰州",
        "10":"杭州",
        "11":"宁波",
        "12":"嘉兴",
        "13":"湖州",
        "14":"绍兴",
        "15":"金华",
        "16":"舟山",
        "17":"台州",
        "18":"合肥",
        "19":"芜湖",
        "20":"蚌埠",
        "21":"马鞍",
        "22":"铜陵",
        "23":"安庆",
        "24":"滁州",
        "25":"池州",
        "26":"宣城"

    "rows":[
    {
        "上海": 0,
        "南京": 68340,
        "无锡": 120190,
        "常州": 65636,
        "苏州": 1024331,
        "南通": 50239,
        "盐城": 19616,
        "扬州": 25135,
        "镇江": 24242,
        "泰州": 23892,
        "杭州": 115101,
        "宁波": 71958,
        "嘉兴": 172794,
        "湖州": 29596,
        "绍兴": 17591,
        "金华": 35587,
        "舟山": 56592,
        "台州": 20898,
        "合肥": 37878,
        "芜湖": 17363,
        "蚌埠": 7209,
        "马鞍": 6832,
        "铜陵": 641,
        "安庆": 1399,
        "滁州": 3749,
        "池州": 740,
        "宣城": 4324
    },
    {
        "上海": 68057,
        "南京": 0,
        "无锡": 42874,
        "常州": 36568,
        "苏州": 53978,
        "南通": 15934,
        "盐城": 13214,
        "扬州": 32160,
        "镇江": 125387,
        "泰州": 18619,
        "杭州": 23905,
        "宁波": 9889,
        "嘉兴": 8436,
        "湖州": 5510,
        "绍兴": 3826,
        "金华": 6241,
        "舟山": 960,
        "台州": 5031,
        "合肥": 31352,
        "芜湖": 31605,
        "蚌埠": 7666,
        "马鞍": 29341,
        "铜陵": 1725,
        "安庆": 3162,
        "滁州": 60057,
        "池州": 1333,
        "宣城": 36077
    },
    {
        "上海": 120192,
        "南京": 42851,
        "无锡": 0,
        "常州": 178540,
        "苏州": 381251,
        "南通": 34650,
        "盐城": 17577,
        "扬州": 13359,
        "镇江": 19118,
        "泰州": 32016,
        "杭州": 24396,
        "宁波": 17095,
        "嘉兴": 20574,
        "湖州": 13289,
        "绍兴": 3469,
        "金华": 10292,
        "舟山": 203,
        "台州": 5727,
        "合肥": 9398,
        "芜湖": 5422,
        "蚌埠": 2169,
        "马鞍": 3208,
        "铜陵": 281,
        "安庆": 789,
        "滁州": 1296,
        "池州": 82,
        "宣城": 17929
    },
    {
        "上海": 65512,
        "南京": 36556,
        "无锡": 177386,
        "常州": 0,
        "苏州": 92467,
        "南通": 15167,
        "盐城": 7111,
        "扬州": 8818,
        "镇江": 62220,
        "泰州": 16279,
        "杭州": 15242,
        "宁波": 8838,
        "嘉兴": 12742,
        "湖州": 9094,
        "绍兴": 4641,
        "金华": 3297,
        "舟山": 147,
        "台州": 4829,
        "合肥": 6371,
        "芜湖": 4910,
        "蚌埠": 142,
        "马鞍": 3388,
        "铜陵": 1477,
        "安庆": 671,
        "滁州": 868,
        "池州": 99,
        "宣城": 12177
    },
    {
        "上海": 1026595,
        "南京": 53858,
        "无锡": 382094,
        "常州": 92296,
        "苏州": 0,
        "南通": 83817,
        "盐城": 18389,
        "扬州": 14260,
        "镇江": 24258,
        "泰州": 20705,
        "杭州": 75620,
        "宁波": 40814,
        "嘉兴": 86354,
        "湖州": 33579,
        "绍兴": 43772,
        "金华": 30692,
        "舟山": 2317,
        "台州": 17504,
        "合肥": 23805,
        "芜湖": 12559,
        "蚌埠": 3484,
        "马鞍": 11345,
        "铜陵": 546,
        "安庆": 411,
        "滁州": 5623,
        "池州": 308,
        "宣城": 5040
    },
    {
        "上海": 50231,
        "南京": 15922,
        "无锡": 34673,
        "常州": 15149,
        "苏州": 83812,
        "南通": 0,
        "盐城": 9965,
        "扬州": 3764,
        "镇江": 5026,
        "泰州": 20527,
        "杭州": 14165,
        "宁波": 5240,
        "嘉兴": 9246,
        "湖州": 1327,
        "绍兴": 2258,
        "金华": 5246,
        "舟山": 166,
        "台州": 2554,
        "合肥": 3026,
        "芜湖": 971,
        "蚌埠": 907,
        "马鞍": 1501,
        "铜陵": 218,
        "安庆": 204,
        "滁州": 1065,
        "池州": 20,
        "宣城": 472
    },
    {
        "上海": 19560,
        "南京": 13227,
        "无锡": 17622,
        "常州": 7094,
        "苏州": 18474,
        "南通": 9973,
        "盐城": 0,
        "扬州": 4999,
        "镇江": 4484,
        "泰州": 24622,
        "杭州": 5374,
        "宁波": 1935,
        "嘉兴": 2808,
        "湖州": 465,
        "绍兴": 779,
        "金华": 3678,
        "舟山": 24,
        "台州": 376,
        "合肥": 1411,
        "芜湖": 428,
        "蚌埠": 26,
        "马鞍": 739,
        "铜陵": 36,
        "安庆": 700,
        "滁州": 436,
        "池州": 382,
        "宣城": 103
    },
    {
        "上海": 25043,
        "南京": 32062,
        "无锡": 13347,
        "常州": 8852,
        "苏州": 14330,
        "南通": 3771,
        "盐城": 4988,
        "扬州": 0,
        "镇江": 14513,
        "泰州": 34754,
        "杭州": 5210,
        "宁波": 5157,
        "嘉兴": 4514,
        "湖州": 2187,
        "绍兴": 748,
        "金华": 4166,
        "舟山": 71,
        "台州": 2047,
        "合肥": 2477,
        "芜湖": 1027,
        "蚌埠": 223,
        "马鞍": 1180,
        "铜陵": 882,
        "安庆": 101,
        "滁州": 10011,
        "池州": 25,
        "宣城": 93
    },
    {
        "上海": 24151,
        "南京": 126308,
        "无锡": 19105,
        "常州": 62181,
        "苏州": 24124,
        "南通": 5009,
        "盐城": 4480,
        "扬州": 14443,
        "镇江": 0,
        "泰州": 8529,
        "杭州": 1912,
        "宁波": 4217,
        "嘉兴": 2900,
        "湖州": 749,
        "绍兴": 254,
        "金华": 3645,
        "舟山": 169,
        "台州": 1703,
        "合肥": 3877,
        "芜湖": 5566,
        "蚌埠": 1538,
        "马鞍": 4143,
        "铜陵": 1435,
        "安庆": 574,
        "滁州": 6916,
        "池州": 333,
        "宣城": 2372
    },
    {
        "上海": 23945,
        "南京": 18612,
        "无锡": 32263,
        "常州": 15756,
        "苏州": 20662,
        "南通": 20478,
        "盐城": 24692,
        "扬州": 34738,
        "镇江": 8612,
        "泰州": 0,
        "杭州": 7406,
        "宁波": 2317,
        "嘉兴": 4911,
        "湖州": 597,
        "绍兴": 238,
        "金华": 3033,
        "舟山": 60,
        "台州": 2806,
        "合肥": 1296,
        "芜湖": 226,
        "蚌埠": 112,
        "马鞍": 1956,
        "铜陵": 10,
        "安庆": 24,
        "滁州": 4291,
        "池州": 2,
        "宣城": 132
    },
    {
        "上海": 115219,
        "南京": 23937,
        "无锡": 24412,
        "常州": 15263,
        "苏州": 75018,
        "南通": 14214,
        "盐城": 5343,
        "扬州": 5207,
        "镇江": 1903,
        "泰州": 7447,
        "杭州": 0,
        "宁波": 133068,
        "嘉兴": 289228,
        "湖州": 144500,
        "绍兴": 143302,
        "金华": 81249,
        "舟山": 1742,
        "台州": 48542,
        "合肥": 17997,
        "芜湖": 7831,
        "蚌埠": 2331,
        "马鞍": 2939,
        "铜陵": 54,
        "安庆": 349,
        "滁州": 1015,
        "池州": 61,
        "宣城": 73685
    },
    {
        "上海": 71997,
        "南京": 9848,
        "无锡": 17097,
        "常州": 8809,
        "苏州": 40634,
        "南通": 5238,
        "盐城": 1941,
        "扬州": 5159,
        "镇江": 4235,
        "泰州": 2321,
        "杭州": 132888,
        "宁波": 0,
        "嘉兴": 35251,
        "湖州": 9497,
        "绍兴": 21153,
        "金华": 41101,
        "舟山": 15242,
        "台州": 37948,
        "合肥": 7079,
        "芜湖": 3571,
        "蚌埠": 962,
        "马鞍": 2815,
        "铜陵": 1556,
        "安庆": 351,
        "滁州": 1301,
        "池州": 38,
        "宣城": 948
    },
    {
        "上海": 172893,
        "南京": 8447,
        "无锡": 20606,
        "常州": 12749,
        "苏州": 88786,
        "南通": 9217,
        "盐城": 2808,
        "扬州": 4514,
        "镇江": 2902,
        "泰州": 4865,
        "杭州": 290606,
        "宁波": 35078,
        "嘉兴": 0,
        "湖州": 62408,
        "绍兴": 77263,
        "金华": 24906,
        "舟山": 7705,
        "台州": 13766,
        "合肥": 7034,
        "芜湖": 3567,
        "蚌埠": 2138,
        "马鞍": 767,
        "铜陵": 265,
        "安庆": 184,
        "滁州": 743,
        "池州": 75,
        "宣城": 6217
    },
    {
        "上海": 29480,
        "南京": 5500,
        "无锡": 13266,
        "常州": 9109,
        "苏州": 33867,
        "南通": 1329,
        "盐城": 464,
        "扬州": 2200,
        "镇江": 752,
        "泰州": 556,
        "杭州": 144434,
        "宁波": 9455,
        "嘉兴": 62485,
        "湖州": 0,
        "绍兴": 13327,
        "金华": 9060,
        "舟山": 564,
        "台州": 3810,
        "合肥": 1126,
        "芜湖": 318,
        "蚌埠": 54,
        "马鞍": 3548,
        "铜陵": 66,
        "安庆": 17,
        "滁州": 87,
        "池州": 46,
        "宣城": 36356
    },
    {
        "上海": 17556,
        "南京": 3811,
        "无锡": 3455,
        "常州": 4663,
        "苏州": 41487,
        "南通": 2239,
        "盐城": 799,
        "扬州": 752,
        "镇江": 255,
        "泰州": 235,
        "杭州": 142652,
        "宁波": 21029,
        "嘉兴": 79910,
        "湖州": 13464,
        "绍兴": 0,
        "金华": 14340,
        "舟山": 110,
        "台州": 2743,
        "合肥": 931,
        "芜湖": 209,
        "蚌埠": 89,
        "马鞍": 461,
        "铜陵": 30,
        "安庆": 36,
        "滁州": 83,
        "池州": 4,
        "宣城": 8017
    },
    {
        "上海": 35575,
        "南京": 6228,
        "无锡": 10305,
        "常州": 3293,
        "苏州": 30668,
        "南通": 5227,
        "盐城": 3668,
        "扬州": 4150,
        "镇江": 3658,
        "泰州": 3025,
        "杭州": 81122,
        "宁波": 41073,
        "嘉兴": 24981,
        "湖州": 9046,
        "绍兴": 14386,
        "金华": 0,
        "舟山": 92,
        "台州": 24343,
        "合肥": 8214,
        "芜湖": 2085,
        "蚌埠": 2495,
        "马鞍": 1996,
        "铜陵": 9,
        "安庆": 206,
        "滁州": 728,
        "池州": 15,
        "宣城": 108
    },
    {
        "上海": 56342,
        "南京": 926,
        "无锡": 209,
        "常州": 148,
        "苏州": 2290,
        "南通": 166,
        "盐城": 23,
        "扬州": 67,
        "镇江": 168,
        "泰州": 60,
        "杭州": 1718,
        "宁波": 15197,
        "嘉兴": 7725,
        "湖州": 568,
        "绍兴": 111,
        "金华": 95,
        "舟山": 0,
        "台州": 390,
        "合肥": 432,
        "芜湖": 8,
        "蚌埠": 29,
        "马鞍": 167,
        "铜陵": 0,
        "安庆": 4,
        "滁州": 12,
        "池州": 1,
        "宣城": 65
    },
    {
        "上海": 20799,
        "南京": 5049,
        "无锡": 5735,
        "常州": 4848,
        "苏州": 17506,
        "南通": 2568,
        "盐城": 370,
        "扬州": 2020,
        "镇江": 1701,
        "泰州": 2806,
        "杭州": 48464,
        "宁波": 37893,
        "嘉兴": 13820,
        "湖州": 3845,
        "绍兴": 2755,
        "金华": 24309,
        "舟山": 393,
        "台州": 0,
        "合肥": 2825,
        "芜湖": 1602,
        "蚌埠": 410,
        "马鞍": 246,
        "铜陵": 0,
        "安庆": 7,
        "滁州": 67,
        "池州": 6,
        "宣城": 55
    },
    {
        "上海": 37712,
        "南京": 31311,
        "无锡": 9398,
        "常州": 6384,
        "苏州": 23814,
        "南通": 3005,
        "盐城": 1417,
        "扬州": 2469,
        "镇江": 3886,
        "泰州": 1298,
        "杭州": 17878,
        "宁波": 7040,
        "嘉兴": 7078,
        "湖州": 1128,
        "绍兴": 929,
        "金华": 8221,
        "舟山": 452,
        "台州": 2847,
        "合肥": 0,
        "芜湖": 49494,
        "蚌埠": 34152,
        "马鞍": 17955,
        "铜陵": 5234,
        "安庆": 30986,
        "滁州": 15801,
        "池州": 9808,
        "宣城": 6634
    },
    {
        "上海": 17365,
        "南京": 31601,
        "无锡": 5446,
        "常州": 4907,
        "苏州": 12889,
        "南通": 968,
        "盐城": 423,
        "扬州": 1029,
        "镇江": 5635,
        "泰州": 222,
        "杭州": 7834,
        "宁波": 3573,
        "嘉兴": 3565,
        "湖州": 317,
        "绍兴": 212,
        "金华": 2067,
        "舟山": 8,
        "台州": 1600,
        "合肥": 49395,
        "芜湖": 0,
        "蚌埠": 1832,
        "马鞍": 31815,
        "铜陵": 10432,
        "安庆": 4802,
        "滁州": 1506,
        "池州": 5284,
        "宣城": 22177
    },
    {
        "上海": 7178,
        "南京": 7646,
        "无锡": 2176,
        "常州": 139,
        "苏州": 3473,
        "南通": 890,
        "盐城": 26,
        "扬州": 232,
        "镇江": 1538,
        "泰州": 112,
        "杭州": 2318,
        "宁波": 956,
        "嘉兴": 2146,
        "湖州": 53,
        "绍兴": 90,
        "金华": 2508,
        "舟山": 30,
        "台州": 412,
        "合肥": 34197,
        "芜湖": 1821,
        "蚌埠": 0,
        "马鞍": 1684,
        "铜陵": 19,
        "安庆": 872,
        "滁州": 21330,
        "池州": 235,
        "宣城": 30
    },
    {
        "上海": 6800,
        "南京": 29438,
        "无锡": 3164,
        "常州": 3388,
        "苏州": 10899,
        "南通": 1514,
        "盐城": 728,
        "扬州": 1188,
        "镇江": 4145,
        "泰州": 1972,
        "杭州": 2948,
        "宁波": 2811,
        "嘉兴": 773,
        "湖州": 3552,
        "绍兴": 459,
        "金华": 1994,
        "舟山": 167,
        "台州": 249,
        "合肥": 17911,
        "芜湖": 32481,
        "蚌埠": 1653,
        "马鞍": 0,
        "铜陵": 1079,
        "安庆": 2815,
        "滁州": 7135,
        "池州": 1074,
        "宣城": 3985
    },
    {
        "上海": 637,
        "南京": 1731,
        "无锡": 283,
        "常州": 1477,
        "苏州": 540,
        "南通": 225,
        "盐城": 35,
        "扬州": 868,
        "镇江": 1433,
        "泰州": 10,
        "杭州": 54,
        "宁波": 1537,
        "嘉兴": 275,
        "湖州": 66,
        "绍兴": 30,
        "金华": 9,
        "舟山": 0,
        "台州": 0,
        "合肥": 5219,
        "芜湖": 10438,
        "蚌埠": 19,
        "马鞍": 1084,
        "铜陵": 0,
        "安庆": 992,
        "滁州": 223,
        "池州": 1411,
        "宣城": 1205
    },
    {
        "上海": 1402,
        "南京": 3136,
        "无锡": 810,
        "常州": 666,
        "苏州": 408,
        "南通": 200,
        "盐城": 735,
        "扬州": 101,
        "镇江": 581,
        "泰州": 24,
        "杭州": 349,
        "宁波": 356,
        "嘉兴": 186,
        "湖州": 17,
        "绍兴": 31,
        "金华": 230,
        "舟山": 4,
        "台州": 7,
        "合肥": 30975,
        "芜湖": 4802,
        "蚌埠": 856,
        "马鞍": 2812,
        "铜陵": 991,
        "安庆": 0,
        "滁州": 186,
        "池州": 1455,
        "宣城": 31
    },
    {
        "上海": 3693,
        "南京": 59868,
        "无锡": 1271,
        "常州": 863,
        "苏州": 5595,
        "南通": 1071,
        "盐城": 433,
        "扬州": 10002,
        "镇江": 6965,
        "泰州": 4308,
        "杭州": 1015,
        "宁波": 1290,
        "嘉兴": 728,
        "湖州": 89,
        "绍兴": 83,
        "金华": 721,
        "舟山": 12,
        "台州": 67,
        "合肥": 15791,
        "芜湖": 1494,
        "蚌埠": 21306,
        "马鞍": 7214,
        "铜陵": 218,
        "安庆": 185,
        "滁州": 0,
        "池州": 59,
        "宣城": 353
    },
    {
        "上海": 756,
        "南京": 1329,
        "无锡": 88,
        "常州": 97,
        "苏州": 308,
        "南通": 20,
        "盐城": 374,
        "扬州": 24,
        "镇江": 334,
        "泰州": 2,
        "杭州": 60,
        "宁波": 38,
        "嘉兴": 75,
        "湖州": 46,
        "绍兴": 7,
        "金华": 3,
        "舟山": 1,
        "台州": 6,
        "合肥": 9787,
        "芜湖": 5280,
        "蚌埠": 235,
        "马鞍": 1071,
        "铜陵": 1414,
        "安庆": 1467,
        "滁州": 59,
        "池州": 0,
        "宣城": 746
    },
    {
        "上海": 4331,
        "南京": 36177,
        "无锡": 17951,
        "常州": 12272,
        "苏州": 5042,
        "南通": 472,
        "盐城": 109,
        "扬州": 93,
        "镇江": 2404,
        "泰州": 89,
        "杭州": 74382,
        "宁波": 958,
        "嘉兴": 6256,
        "湖州": 36478,
        "绍兴": 8200,
        "金华": 107,
        "舟山": 64,
        "台州": 56,
        "合肥": 6627,
        "芜湖": 22174,
        "蚌埠": 31,
        "马鞍": 3981,
        "铜陵": 1205,
        "安庆": 30,
        "滁州": 351,
        "池州": 754,
        "宣城": 0
    }
]
    "cols":[
        {
            "上海": 0,
            "南京": 68057,
            "无锡": 120192,
            "常州": 65512,
            "苏州": 1026595,
            "南通": 50231,
            "盐城": 19560,
            "扬州": 25043,
            "镇江": 24151,
            "泰州": 23945,
            "杭州": 115219,
            "宁波": 71997,
            "嘉兴": 172893,
            "湖州": 29480,
            "绍兴": 17556,
            "金华": 35575,
            "舟山": 56342,
            "台州": 20799,
            "合肥": 37712,
            "芜湖": 17365,
            "蚌埠": 7178,
            "马鞍": 6800,
            "铜陵": 637,
            "安庆": 1402,
            "滁州": 3693,
            "池州": 756,
            "宣城": 4331
        },
        {
            "上海": 68340,
            "南京": 0,
            "无锡": 42851,
            "常州": 36556,
            "苏州": 53858,
            "南通": 15922,
            "盐城": 13227,
            "扬州": 32062,
            "镇江": 126308,
            "泰州": 18612,
            "杭州": 23937,
            "宁波": 9848,
            "嘉兴": 8447,
            "湖州": 5500,
            "绍兴": 3811,
            "金华": 6228,
            "舟山": 926,
            "台州": 5049,
            "合肥": 31311,
            "芜湖": 31601,
            "蚌埠": 7646,
            "马鞍": 29438,
            "铜陵": 1731,
            "安庆": 3136,
            "滁州": 59868,
            "池州": 1329,
            "宣城": 36177
        },
        {
            "上海": 120190,
            "南京": 42874,
            "无锡": 0,
            "常州": 177386,
            "苏州": 382094,
            "南通": 34673,
            "盐城": 17622,
            "扬州": 13347,
            "镇江": 19105,
            "泰州": 32263,
            "杭州": 24412,
            "宁波": 17097,
            "嘉兴": 20606,
            "湖州": 13266,
            "绍兴": 3455,
            "金华": 10305,
            "舟山": 209,
            "台州": 5735,
            "合肥": 9398,
            "芜湖": 5446,
            "蚌埠": 2176,
            "马鞍": 3164,
            "铜陵": 283,
            "安庆": 810,
            "滁州": 1271,
            "池州": 88,
            "宣城": 17951
        },
        {
            "上海": 65636,
            "南京": 36568,
            "无锡": 178540,
            "常州": 0,
            "苏州": 92296,
            "南通": 15149,
            "盐城": 7094,
            "扬州": 8852,
            "镇江": 62181,
            "泰州": 15756,
            "杭州": 15263,
            "宁波": 8809,
            "嘉兴": 12749,
            "湖州": 9109,
            "绍兴": 4663,
            "金华": 3293,
            "舟山": 148,
            "台州": 4848,
            "合肥": 6384,
            "芜湖": 4907,
            "蚌埠": 139,
            "马鞍": 3388,
            "铜陵": 1477,
            "安庆": 666,
            "滁州": 863,
            "池州": 97,
            "宣城": 12272
        },
        {
            "上海": 1024331,
            "南京": 53978,
            "无锡": 381251,
            "常州": 92467,
            "苏州": 0,
            "南通": 83812,
            "盐城": 18474,
            "扬州": 14330,
            "镇江": 24124,
            "泰州": 20662,
            "杭州": 75018,
            "宁波": 40634,
            "嘉兴": 88786,
            "湖州": 33867,
            "绍兴": 41487,
            "金华": 30668,
            "舟山": 2290,
            "台州": 17506,
            "合肥": 23814,
            "芜湖": 12889,
            "蚌埠": 3473,
            "马鞍": 10899,
            "铜陵": 540,
            "安庆": 408,
            "滁州": 5595,
            "池州": 308,
            "宣城": 5042
        },
        {
            "上海": 50239,
            "南京": 15934,
            "无锡": 34650,
            "常州": 15167,
            "苏州": 83817,
            "南通": 0,
            "盐城": 9973,
            "扬州": 3771,
            "镇江": 5009,
            "泰州": 20478,
            "杭州": 14214,
            "宁波": 5238,
            "嘉兴": 9217,
            "湖州": 1329,
            "绍兴": 2239,
            "金华": 5227,
            "舟山": 166,
            "台州": 2568,
            "合肥": 3005,
            "芜湖": 968,
            "蚌埠": 890,
            "马鞍": 1514,
            "铜陵": 225,
            "安庆": 200,
            "滁州": 1071,
            "池州": 20,
            "宣城": 472
        },
        {
            "上海": 19616,
            "南京": 13214,
            "无锡": 17577,
            "常州": 7111,
            "苏州": 18389,
            "南通": 9965,
            "盐城": 0,
            "扬州": 4988,
            "镇江": 4480,
            "泰州": 24692,
            "杭州": 5343,
            "宁波": 1941,
            "嘉兴": 2808,
            "湖州": 464,
            "绍兴": 799,
            "金华": 3668,
            "舟山": 23,
            "台州": 370,
            "合肥": 1417,
            "芜湖": 423,
            "蚌埠": 26,
            "马鞍": 728,
            "铜陵": 35,
            "安庆": 735,
            "滁州": 433,
            "池州": 374,
            "宣城": 109
        },
        {
            "上海": 25135,
            "南京": 32160,
            "无锡": 13359,
            "常州": 8818,
            "苏州": 14260,
            "南通": 3764,
            "盐城": 4999,
            "扬州": 0,
            "镇江": 14443,
            "泰州": 34738,
            "杭州": 5207,
            "宁波": 5159,
            "嘉兴": 4514,
            "湖州": 2200,
            "绍兴": 752,
            "金华": 4150,
            "舟山": 67,
            "台州": 2020,
            "合肥": 2469,
            "芜湖": 1029,
            "蚌埠": 232,
            "马鞍": 1188,
            "铜陵": 868,
            "安庆": 101,
            "滁州": 10002,
            "池州": 24,
            "宣城": 93
        },
        {
            "上海": 24242,
            "南京": 125387,
            "无锡": 19118,
            "常州": 62220,
            "苏州": 24258,
            "南通": 5026,
            "盐城": 4484,
            "扬州": 14513,
            "镇江": 0,
            "泰州": 8612,
            "杭州": 1903,
            "宁波": 4235,
            "嘉兴": 2902,
            "湖州": 752,
            "绍兴": 255,
            "金华": 3658,
            "舟山": 168,
            "台州": 1701,
            "合肥": 3886,
            "芜湖": 5635,
            "蚌埠": 1538,
            "马鞍": 4145,
            "铜陵": 1433,
            "安庆": 581,
            "滁州": 6965,
            "池州": 334,
            "宣城": 2404
        },
        {
            "上海": 23892,
            "南京": 18619,
            "无锡": 32016,
            "常州": 16279,
            "苏州": 20705,
            "南通": 20527,
            "盐城": 24622,
            "扬州": 34754,
            "镇江": 8529,
            "泰州": 0,
            "杭州": 7447,
            "宁波": 2321,
            "嘉兴": 4865,
            "湖州": 556,
            "绍兴": 235,
            "金华": 3025,
            "舟山": 60,
            "台州": 2806,
            "合肥": 1298,
            "芜湖": 222,
            "蚌埠": 112,
            "马鞍": 1972,
            "铜陵": 10,
            "安庆": 24,
            "滁州": 4308,
            "池州": 2,
            "宣城": 89
        },
        {
            "上海": 115101,
            "南京": 23905,
            "无锡": 24396,
            "常州": 15242,
            "苏州": 75620,
            "南通": 14165,
            "盐城": 5374,
            "扬州": 5210,
            "镇江": 1912,
            "泰州": 7406,
            "杭州": 0,
            "宁波": 132888,
            "嘉兴": 290606,
            "湖州": 144434,
            "绍兴": 142652,
            "金华": 81122,
            "舟山": 1718,
            "台州": 48464,
            "合肥": 17878,
            "芜湖": 7834,
            "蚌埠": 2318,
            "马鞍": 2948,
            "铜陵": 54,
            "安庆": 349,
            "滁州": 1015,
            "池州": 60,
            "宣城": 74382
        },
        {
            "上海": 71958,
            "南京": 9889,
            "无锡": 17095,
            "常州": 8838,
            "苏州": 40814,
            "南通": 5240,
            "盐城": 1935,
            "扬州": 5157,
            "镇江": 4217,
            "泰州": 2317,
            "杭州": 133068,
            "宁波": 0,
            "嘉兴": 35078,
            "湖州": 9455,
            "绍兴": 21029,
            "金华": 41073,
            "舟山": 15197,
            "台州": 37893,
            "合肥": 7040,
            "芜湖": 3573,
            "蚌埠": 956,
            "马鞍": 2811,
            "铜陵": 1537,
            "安庆": 356,
            "滁州": 1290,
            "池州": 38,
            "宣城": 958
        },
        {
            "上海": 172794,
            "南京": 8436,
            "无锡": 20574,
            "常州": 12742,
            "苏州": 86354,
            "南通": 9246,
            "盐城": 2808,
            "扬州": 4514,
            "镇江": 2900,
            "泰州": 4911,
            "杭州": 289228,
            "宁波": 35251,
            "嘉兴": 0,
            "湖州": 62485,
            "绍兴": 79910,
            "金华": 24981,
            "舟山": 7725,
            "台州": 13820,
            "合肥": 7078,
            "芜湖": 3565,
            "蚌埠": 2146,
            "马鞍": 773,
            "铜陵": 275,
            "安庆": 186,
            "滁州": 728,
            "池州": 75,
            "宣城": 6256
        },
        {
            "上海": 29596,
            "南京": 5510,
            "无锡": 13289,
            "常州": 9094,
            "苏州": 33579,
            "南通": 1327,
            "盐城": 465,
            "扬州": 2187,
            "镇江": 749,
            "泰州": 597,
            "杭州": 144500,
            "宁波": 9497,
            "嘉兴": 62408,
            "湖州": 0,
            "绍兴": 13464,
            "金华": 9046,
            "舟山": 568,
            "台州": 3845,
            "合肥": 1128,
            "芜湖": 317,
            "蚌埠": 53,
            "马鞍": 3552,
            "铜陵": 66,
            "安庆": 17,
            "滁州": 89,
            "池州": 46,
            "宣城": 36478
        },
        {
            "上海": 17591,
            "南京": 3826,
            "无锡": 3469,
            "常州": 4641,
            "苏州": 43772,
            "南通": 2258,
            "盐城": 779,
            "扬州": 748,
            "镇江": 254,
            "泰州": 238,
            "杭州": 143302,
            "宁波": 21153,
            "嘉兴": 77263,
            "湖州": 13327,
            "绍兴": 0,
            "金华": 14386,
            "舟山": 111,
            "台州": 2755,
            "合肥": 929,
            "芜湖": 212,
            "蚌埠": 90,
            "马鞍": 459,
            "铜陵": 30,
            "安庆": 31,
            "滁州": 83,
            "池州": 7,
            "宣城": 8200
        },
        {
            "上海": 35587,
            "南京": 6241,
            "无锡": 10292,
            "常州": 3297,
            "苏州": 30692,
            "南通": 5246,
            "盐城": 3678,
            "扬州": 4166,
            "镇江": 3645,
            "泰州": 3033,
            "杭州": 81249,
            "宁波": 41101,
            "嘉兴": 24906,
            "湖州": 9060,
            "绍兴": 14340,
            "金华": 0,
            "舟山": 95,
            "台州": 24309,
            "合肥": 8221,
            "芜湖": 2067,
            "蚌埠": 2508,
            "马鞍": 1994,
            "铜陵": 9,
            "安庆": 230,
            "滁州": 721,
            "池州": 3,
            "宣城": 107
        },
        {
            "上海": 56592,
            "南京": 960,
            "无锡": 203,
            "常州": 147,
            "苏州": 2317,
            "南通": 166,
            "盐城": 24,
            "扬州": 71,
            "镇江": 169,
            "泰州": 60,
            "杭州": 1742,
            "宁波": 15242,
            "嘉兴": 7705,
            "湖州": 564,
            "绍兴": 110,
            "金华": 92,
            "舟山": 0,
            "台州": 393,
            "合肥": 452,
            "芜湖": 8,
            "蚌埠": 30,
            "马鞍": 167,
            "铜陵": 0,
            "安庆": 4,
            "滁州": 12,
            "池州": 1,
            "宣城": 64
        },
        {
            "上海": 20898,
            "南京": 5031,
            "无锡": 5727,
            "常州": 4829,
            "苏州": 17504,
            "南通": 2554,
            "盐城": 376,
            "扬州": 2047,
            "镇江": 1703,
            "泰州": 2806,
            "杭州": 48542,
            "宁波": 37948,
            "嘉兴": 13766,
            "湖州": 3810,
            "绍兴": 2743,
            "金华": 24343,
            "舟山": 390,
            "台州": 0,
            "合肥": 2847,
            "芜湖": 1600,
            "蚌埠": 412,
            "马鞍": 249,
            "铜陵": 0,
            "安庆": 7,
            "滁州": 67,
            "池州": 6,
            "宣城": 56
        },
        {
            "上海": 37878,
            "南京": 31352,
            "无锡": 9398,
            "常州": 6371,
            "苏州": 23805,
            "南通": 3026,
            "盐城": 1411,
            "扬州": 2477,
            "镇江": 3877,
            "泰州": 1296,
            "杭州": 17997,
            "宁波": 7079,
            "嘉兴": 7034,
            "湖州": 1126,
            "绍兴": 931,
            "金华": 8214,
            "舟山": 432,
            "台州": 2825,
            "合肥": 0,
            "芜湖": 49395,
            "蚌埠": 34197,
            "马鞍": 17911,
            "铜陵": 5219,
            "安庆": 30975,
            "滁州": 15791,
            "池州": 9787,
            "宣城": 6627
        },
        {
            "上海": 17363,
            "南京": 31605,
            "无锡": 5422,
            "常州": 4910,
            "苏州": 12559,
            "南通": 971,
            "盐城": 428,
            "扬州": 1027,
            "镇江": 5566,
            "泰州": 226,
            "杭州": 7831,
            "宁波": 3571,
            "嘉兴": 3567,
            "湖州": 318,
            "绍兴": 209,
            "金华": 2085,
            "舟山": 8,
            "台州": 1602,
            "合肥": 49494,
            "芜湖": 0,
            "蚌埠": 1821,
            "马鞍": 32481,
            "铜陵": 10438,
            "安庆": 4802,
            "滁州": 1494,
            "池州": 5280,
            "宣城": 22174
        },
        {
            "上海": 7209,
            "南京": 7666,
            "无锡": 2169,
            "常州": 142,
            "苏州": 3484,
            "南通": 907,
            "盐城": 26,
            "扬州": 223,
            "镇江": 1538,
            "泰州": 112,
            "杭州": 2331,
            "宁波": 962,
            "嘉兴": 2138,
            "湖州": 54,
            "绍兴": 89,
            "金华": 2495,
            "舟山": 29,
            "台州": 410,
            "合肥": 34152,
            "芜湖": 1832,
            "蚌埠": 0,
            "马鞍": 1653,
            "铜陵": 19,
            "安庆": 856,
            "滁州": 21306,
            "池州": 235,
            "宣城": 31
        },
        {
            "上海": 6832,
            "南京": 29341,
            "无锡": 3208,
            "常州": 3388,
            "苏州": 11345,
            "南通": 1501,
            "盐城": 739,
            "扬州": 1180,
            "镇江": 4143,
            "泰州": 1956,
            "杭州": 2939,
            "宁波": 2815,
            "嘉兴": 767,
            "湖州": 3548,
            "绍兴": 461,
            "金华": 1996,
            "舟山": 167,
            "台州": 246,
            "合肥": 17955,
            "芜湖": 31815,
            "蚌埠": 1684,
            "马鞍": 0,
            "铜陵": 1084,
            "安庆": 2812,
            "滁州": 7214,
            "池州": 1071,
            "宣城": 3981
        },
        {
            "上海": 641,
            "南京": 1725,
            "无锡": 281,
            "常州": 1477,
            "苏州": 546,
            "南通": 218,
            "盐城": 36,
            "扬州": 882,
            "镇江": 1435,
            "泰州": 10,
            "杭州": 54,
            "宁波": 1556,
            "嘉兴": 265,
            "湖州": 66,
            "绍兴": 30,
            "金华": 9,
            "舟山": 0,
            "台州": 0,
            "合肥": 5234,
            "芜湖": 10432,
            "蚌埠": 19,
            "马鞍": 1079,
            "铜陵": 0,
            "安庆": 991,
            "滁州": 218,
            "池州": 1414,
            "宣城": 1205
        },
        {
            "上海": 1399,
            "南京": 3162,
            "无锡": 789,
            "常州": 671,
            "苏州": 411,
            "南通": 204,
            "盐城": 700,
            "扬州": 101,
            "镇江": 574,
            "泰州": 24,
            "杭州": 349,
            "宁波": 351,
            "嘉兴": 184,
            "湖州": 17,
            "绍兴": 36,
            "金华": 206,
            "舟山": 4,
            "台州": 7,
            "合肥": 30986,
            "芜湖": 4802,
            "蚌埠": 872,
            "马鞍": 2815,
            "铜陵": 992,
            "安庆": 0,
            "滁州": 185,
            "池州": 1467,
            "宣城": 30
        },
        {
            "上海": 3749,
            "南京": 60057,
            "无锡": 1296,
            "常州": 868,
            "苏州": 5623,
            "南通": 1065,
            "盐城": 436,
            "扬州": 10011,
            "镇江": 6916,
            "泰州": 4291,
            "杭州": 1015,
            "宁波": 1301,
            "嘉兴": 743,
            "湖州": 87,
            "绍兴": 83,
            "金华": 728,
            "舟山": 12,
            "台州": 67,
            "合肥": 15801,
            "芜湖": 1506,
            "蚌埠": 21330,
            "马鞍": 7135,
            "铜陵": 223,
            "安庆": 186,
            "滁州": 0,
            "池州": 59,
            "宣城": 351
        },
        {
            "上海": 740,
            "南京": 1333,
            "无锡": 82,
            "常州": 99,
            "苏州": 308,
            "南通": 20,
            "盐城": 382,
            "扬州": 25,
            "镇江": 333,
            "泰州": 2,
            "杭州": 61,
            "宁波": 38,
            "嘉兴": 75,
            "湖州": 46,
            "绍兴": 4,
            "金华": 15,
            "舟山": 1,
            "台州": 6,
            "合肥": 9808,
            "芜湖": 5284,
            "蚌埠": 235,
            "马鞍": 1074,
            "铜陵": 1411,
            "安庆": 1455,
            "滁州": 59,
            "池州": 0,
            "宣城": 754
        },
        {
            "上海": 4324,
            "南京": 36077,
            "无锡": 17929,
            "常州": 12177,
            "苏州": 5040,
            "南通": 472,
            "盐城": 103,
            "扬州": 93,
            "镇江": 2372,
            "泰州": 132,
            "杭州": 73685,
            "宁波": 948,
            "嘉兴": 6217,
            "湖州": 36356,
            "绍兴": 8017,
            "金华": 108,
            "舟山": 65,
            "台州": 55,
            "合肥": 6634,
            "芜湖": 22177,
            "蚌埠": 30,
            "马鞍": 3985,
            "铜陵": 1205,
            "安庆": 31,
            "滁州": 353,
            "池州": 746,
            "宣城": 0
        }
    ]


}
