{
    "ids":{
        "0":"上海",
        "1":"南京",
        "2":"无锡",
        "3":"常州",
        "4":"苏州",
        "5":"南通",
        "6":"盐城",
        "7":"扬州",
        "8":"镇江",
        "9":"泰州",
        "10":"杭州",
        "11":"宁波",
        "12":"嘉兴",
        "13":"湖州",
        "14":"绍兴",
        "15":"金华",
        "16":"舟山",
        "17":"台州",
        "18":"合肥",
        "19":"芜湖",
        "20":"蚌埠",
        "21":"马鞍",
        "22":"铜陵",
        "23":"安庆",
        "24":"滁州",
        "25":"池州",
        "26":"宣城"
        
        
    },


"rows":[
    {
        "上海": 0.0,
        "南京": 35227.0,
        "无锡": 69075.0,
        "常州": 32983.0,
        "苏州": 575467.0,
        "南通": 31597.0,
        "盐城": 10490.0,
        "扬州": 11637.0,
        "镇江": 11435.0,
        "泰州": 12575.0,
        "杭州": 64664.0,
        "宁波": 36902.0,
        "嘉兴": 101644.0,
        "湖州": 17108.0,
        "绍兴": 8581.0,
        "金华": 20571.0,
        "舟山": 28582.0,
        "台州": 11741.0,
        "合肥": 19326.0,
        "芜湖": 9755.0,
        "蚌埠": 3466.0,
        "马鞍": 3366.0,
        "铜陵": 316.0,
        "安庆": 1085.0,
        "滁州": 2586.0,
        "池州": 140.0,
        "宣城": 2720.0
    },
    {
        "上海": 35081.0,
        "南京": 0.0,
        "无锡": 24223.0,
        "常州": 21385.0,
        "苏州": 29336.0,
        "南通": 8952.0,
        "盐城": 5102.0,
        "扬州": 19374.0,
        "镇江": 78367.0,
        "泰州": 9904.0,
        "杭州": 15035.0,
        "宁波": 5525.0,
        "嘉兴": 4661.0,
        "湖州": 1722.0,
        "绍兴": 1284.0,
        "金华": 3853.0,
        "舟山": 113.0,
        "台州": 3246.0,
        "合肥": 16161.0,
        "芜湖": 16461.0,
        "蚌埠": 4946.0,
        "马鞍": 16577.0,
        "铜陵": 589.0,
        "安庆": 1363.0,
        "滁州": 31118.0,
        "池州": 609.0,
        "宣城": 24377.0
    },
    {
        "上海": 69076.0,
        "南京": 24210.0,
        "无锡": 0.0,
        "常州": 106274.0,
        "苏州": 216620.0,
        "南通": 21000.0,
        "盐城": 9820.0,
        "扬州": 8619.0,
        "镇江": 11313.0,
        "泰州": 18614.0,
        "杭州": 15344.0,
        "宁波": 10424.0,
        "嘉兴": 13105.0,
        "湖州": 7958.0,
        "绍兴": 2669.0,
        "金华": 6556.0,
        "舟山": 203.0,
        "台州": 4695.0,
        "合肥": 5464.0,
        "芜湖": 3664.0,
        "蚌埠": 1528.0,
        "马鞍": 1377.0,
        "铜陵": 109.0,
        "安庆": 459.0,
        "滁州": 655.0,
        "池州": 82.0,
        "宣城": 11348.0
    },
    {
        "上海": 32921.0,
        "南京": 21378.0,
        "无锡": 105587.0,
        "常州": 0.0,
        "苏州": 49185.0,
        "南通": 7622.0,
        "盐城": 3039.0,
        "扬州": 5157.0,
        "镇江": 37482.0,
        "泰州": 7941.0,
        "杭州": 9771.0,
        "宁波": 4556.0,
        "嘉兴": 7079.0,
        "湖州": 4997.0,
        "绍兴": 1251.0,
        "金华": 2479.0,
        "舟山": 147.0,
        "台州": 2055.0,
        "合肥": 2870.0,
        "芜湖": 2976.0,
        "蚌埠": 142.0,
        "马鞍": 1274.0,
        "铜陵": 229.0,
        "安庆": 273.0,
        "滁州": 634.0,
        "池州": 99.0,
        "宣城": 9367.0
    },
    {
        "上海": 576739.0,
        "南京": 29271.0,
        "无锡": 217099.0,
        "常州": 49094.0,
        "苏州": 0.0,
        "南通": 45307.0,
        "盐城": 11639.0,
        "扬州": 7466.0,
        "镇江": 13184.0,
        "泰州": 12549.0,
        "杭州": 45282.0,
        "宁波": 23868.0,
        "嘉兴": 48514.0,
        "湖州": 21525.0,
        "绍兴": 22333.0,
        "金华": 16413.0,
        "舟山": 1422.0,
        "台州": 10545.0,
        "合肥": 13603.0,
        "芜湖": 8486.0,
        "蚌埠": 2454.0,
        "马鞍": 5020.0,
        "铜陵": 182.0,
        "安庆": 411.0,
        "滁州": 2869.0,
        "池州": 308.0,
        "宣城": 2471.0
    },
    {
        "上海": 31592.0,
        "南京": 8945.0,
        "无锡": 21014.0,
        "常州": 7613.0,
        "苏州": 45304.0,
        "南通": 0.0,
        "盐城": 5662.0,
        "扬州": 2651.0,
        "镇江": 2840.0,
        "泰州": 9965.0,
        "杭州": 8236.0,
        "宁波": 3215.0,
        "嘉兴": 5708.0,
        "湖州": 928.0,
        "绍兴": 1313.0,
        "金华": 3300.0,
        "舟山": 166.0,
        "台州": 1468.0,
        "合肥": 1441.0,
        "芜湖": 627.0,
        "蚌埠": 488.0,
        "马鞍": 921.0,
        "铜陵": 66.0,
        "安庆": 51.0,
        "滁州": 692.0,
        "池州": 20.0,
        "宣城": 295.0
    },
    {
        "上海": 10460.0,
        "南京": 5107.0,
        "无锡": 9845.0,
        "常州": 3032.0,
        "苏州": 11693.0,
        "南通": 5667.0,
        "盐城": 0.0,
        "扬州": 2304.0,
        "镇江": 2768.0,
        "泰州": 12627.0,
        "杭州": 3583.0,
        "宁波": 1257.0,
        "嘉兴": 2096.0,
        "湖州": 465.0,
        "绍兴": 779.0,
        "金华": 2609.0,
        "舟山": 24.0,
        "台州": 376.0,
        "合肥": 763.0,
        "芜湖": 266.0,
        "蚌埠": 26.0,
        "马鞍": 323.0,
        "铜陵": 36.0,
        "安庆": 100.0,
        "滁州": 188.0,
        "池州": 45.0,
        "宣城": 103.0
    },
    {
        "上海": 11594.0,
        "南京": 19315.0,
        "无锡": 8611.0,
        "常州": 5177.0,
        "苏州": 7503.0,
        "南通": 2656.0,
        "盐城": 2299.0,
        "扬州": 0.0,
        "镇江": 9128.0,
        "泰州": 22865.0,
        "杭州": 3012.0,
        "宁波": 2282.0,
        "嘉兴": 2440.0,
        "湖州": 893.0,
        "绍兴": 392.0,
        "金华": 1729.0,
        "舟山": 71.0,
        "台州": 667.0,
        "合肥": 1339.0,
        "芜湖": 594.0,
        "蚌埠": 223.0,
        "马鞍": 549.0,
        "铜陵": 126.0,
        "安庆": 38.0,
        "滁州": 4334.0,
        "池州": 25.0,
        "宣城": 93.0
    },
    {
        "上海": 11392.0,
        "南京": 78943.0,
        "无锡": 11305.0,
        "常州": 37459.0,
        "苏州": 13111.0,
        "南通": 2830.0,
        "盐城": 2766.0,
        "扬州": 9084.0,
        "镇江": 0.0,
        "泰州": 4489.0,
        "杭州": 1494.0,
        "宁波": 2356.0,
        "嘉兴": 2567.0,
        "湖州": 241.0,
        "绍兴": 254.0,
        "金华": 2003.0,
        "舟山": 106.0,
        "台州": 1281.0,
        "合肥": 2336.0,
        "芜湖": 3787.0,
        "蚌埠": 633.0,
        "马鞍": 2136.0,
        "铜陵": 524.0,
        "安庆": 574.0,
        "滁州": 3511.0,
        "池州": 333.0,
        "宣城": 1671.0
    },
    {
        "上海": 12603.0,
        "南京": 9900.0,
        "无锡": 18758.0,
        "常州": 7686.0,
        "苏州": 12523.0,
        "南通": 9941.0,
        "盐城": 12663.0,
        "扬州": 22854.0,
        "镇江": 4533.0,
        "泰州": 0.0,
        "杭州": 4306.0,
        "宁波": 2186.0,
        "嘉兴": 2108.0,
        "湖州": 311.0,
        "绍兴": 238.0,
        "金华": 1487.0,
        "舟山": 60.0,
        "台州": 1701.0,
        "合肥": 679.0,
        "芜湖": 115.0,
        "蚌埠": 112.0,
        "马鞍": 591.0,
        "铜陵": 10.0,
        "安庆": 24.0,
        "滁州": 1226.0,
        "池州": 2.0,
        "宣城": 132.0
    },
    {
        "上海": 64730.0,
        "南京": 15055.0,
        "无锡": 15354.0,
        "常州": 9784.0,
        "苏州": 44921.0,
        "南通": 8264.0,
        "盐城": 3562.0,
        "扬州": 3010.0,
        "镇江": 1487.0,
        "泰州": 4330.0,
        "杭州": 0.0,
        "宁波": 75180.0,
        "嘉兴": 178536.0,
        "湖州": 87576.0,
        "绍兴": 93662.0,
        "金华": 48363.0,
        "舟山": 1069.0,
        "台州": 26239.0,
        "合肥": 9573.0,
        "芜湖": 5933.0,
        "蚌埠": 1753.0,
        "马鞍": 1572.0,
        "铜陵": 54.0,
        "安庆": 255.0,
        "滁州": 758.0,
        "池州": 61.0,
        "宣城": 55403.0
    },
    {
        "上海": 36922.0,
        "南京": 5502.0,
        "无锡": 10425.0,
        "常州": 4541.0,
        "苏州": 23763.0,
        "南通": 3214.0,
        "盐城": 1261.0,
        "扬州": 2283.0,
        "镇江": 2366.0,
        "泰州": 2190.0,
        "杭州": 75078.0,
        "宁波": 0.0,
        "嘉兴": 20615.0,
        "湖州": 5366.0,
        "绍兴": 16148.0,
        "金华": 22962.0,
        "舟山": 8710.0,
        "台州": 25469.0,
        "合肥": 4265.0,
        "芜湖": 2101.0,
        "蚌埠": 345.0,
        "马鞍": 1246.0,
        "铜陵": 80.0,
        "安庆": 351.0,
        "滁州": 923.0,
        "池州": 38.0,
        "宣城": 582.0
    },
    {
        "上海": 101702.0,
        "南京": 4667.0,
        "无锡": 13125.0,
        "常州": 7083.0,
        "苏州": 49880.0,
        "南通": 5690.0,
        "盐城": 2096.0,
        "扬州": 2440.0,
        "镇江": 2569.0,
        "泰州": 2088.0,
        "杭州": 179387.0,
        "宁波": 20514.0,
        "嘉兴": 0.0,
        "湖州": 33196.0,
        "绍兴": 40665.0,
        "金华": 15095.0,
        "舟山": 4971.0,
        "台州": 8446.0,
        "合肥": 3571.0,
        "芜湖": 2460.0,
        "蚌埠": 1455.0,
        "马鞍": 505.0,
        "铜陵": 53.0,
        "安庆": 123.0,
        "滁州": 258.0,
        "池州": 75.0,
        "宣城": 3886.0
    },
    {
        "上海": 17041.0,
        "南京": 1719.0,
        "无锡": 7944.0,
        "常州": 5005.0,
        "苏州": 21710.0,
        "南通": 930.0,
        "盐城": 464.0,
        "扬州": 898.0,
        "镇江": 242.0,
        "泰州": 290.0,
        "杭州": 87536.0,
        "宁波": 5342.0,
        "嘉兴": 33237.0,
        "湖州": 0.0,
        "绍兴": 7704.0,
        "金华": 6040.0,
        "舟山": 564.0,
        "台州": 1896.0,
        "合肥": 1126.0,
        "芜湖": 318.0,
        "蚌埠": 54.0,
        "马鞍": 801.0,
        "铜陵": 66.0,
        "安庆": 17.0,
        "滁州": 87.0,
        "池州": 46.0,
        "宣城": 24902.0
    },
    {
        "上海": 8564.0,
        "南京": 1279.0,
        "无锡": 2658.0,
        "常州": 1257.0,
        "苏州": 21167.0,
        "南通": 1302.0,
        "盐城": 799.0,
        "扬州": 394.0,
        "镇江": 255.0,
        "泰州": 235.0,
        "杭州": 93237.0,
        "宁波": 16053.0,
        "嘉兴": 42058.0,
        "湖州": 7783.0,
        "绍兴": 0.0,
        "金华": 9019.0,
        "舟山": 110.0,
        "台州": 1829.0,
        "合肥": 931.0,
        "芜湖": 209.0,
        "蚌埠": 89.0,
        "马鞍": 461.0,
        "铜陵": 30.0,
        "安庆": 36.0,
        "滁州": 83.0,
        "池州": 4.0,
        "宣城": 3989.0
    },
    {
        "上海": 20564.0,
        "南京": 3845.0,
        "无锡": 6564.0,
        "常州": 2476.0,
        "苏州": 16400.0,
        "南通": 3288.0,
        "盐城": 2602.0,
        "扬州": 1722.0,
        "镇江": 2010.0,
        "泰州": 1483.0,
        "杭州": 48287.0,
        "宁波": 22946.0,
        "嘉兴": 15140.0,
        "湖州": 6031.0,
        "绍兴": 9048.0,
        "金华": 0.0,
        "舟山": 92.0,
        "台州": 14490.0,
        "合肥": 3651.0,
        "芜湖": 1249.0,
        "蚌埠": 1349.0,
        "马鞍": 1091.0,
        "铜陵": 9.0,
        "安庆": 113.0,
        "滁州": 104.0,
        "池州": 15.0,
        "宣城": 108.0
    },
    {
        "上海": 28456.0,
        "南京": 109.0,
        "无锡": 209.0,
        "常州": 148.0,
        "苏州": 1405.0,
        "南通": 166.0,
        "盐城": 23.0,
        "扬州": 67.0,
        "镇江": 105.0,
        "泰州": 60.0,
        "杭州": 1054.0,
        "宁波": 8684.0,
        "嘉兴": 4984.0,
        "湖州": 568.0,
        "绍兴": 111.0,
        "金华": 95.0,
        "舟山": 0.0,
        "台州": 125.0,
        "合肥": 173.0,
        "芜湖": 8.0,
        "蚌埠": 29.0,
        "马鞍": 167.0,
        "铜陵": 0.0,
        "安庆": 4.0,
        "滁州": 12.0,
        "池州": 1.0,
        "宣城": 65.0
    },
    {
        "上海": 11685.0,
        "南京": 3258.0,
        "无锡": 4701.0,
        "常州": 2063.0,
        "苏州": 10546.0,
        "南通": 1476.0,
        "盐城": 370.0,
        "扬州": 658.0,
        "镇江": 1279.0,
        "泰州": 1701.0,
        "杭州": 26197.0,
        "宁波": 25432.0,
        "嘉兴": 8479.0,
        "湖州": 1913.0,
        "绍兴": 1837.0,
        "金华": 14470.0,
        "舟山": 126.0,
        "台州": 0.0,
        "合肥": 1692.0,
        "芜湖": 1090.0,
        "蚌埠": 410.0,
        "马鞍": 246.0,
        "铜陵": 0.0,
        "安庆": 7.0,
        "滁州": 67.0,
        "池州": 6.0,
        "宣城": 55.0
    },
    {
        "上海": 19241.0,
        "南京": 16140.0,
        "无锡": 5464.0,
        "常州": 2876.0,
        "苏州": 13608.0,
        "南通": 1431.0,
        "盐城": 766.0,
        "扬州": 1335.0,
        "镇江": 2341.0,
        "泰州": 680.0,
        "杭州": 9510.0,
        "宁波": 4241.0,
        "嘉兴": 3593.0,
        "湖州": 1128.0,
        "绍兴": 929.0,
        "金华": 3654.0,
        "舟山": 181.0,
        "台州": 1705.0,
        "合肥": 0.0,
        "芜湖": 23457.0,
        "蚌埠": 18765.0,
        "马鞍": 8933.0,
        "铜陵": 3686.0,
        "安庆": 20121.0,
        "滁州": 9295.0,
        "池州": 5245.0,
        "宣城": 3791.0
    },
    {
        "上海": 9756.0,
        "南京": 16459.0,
        "无锡": 3680.0,
        "常州": 2974.0,
        "苏州": 8709.0,
        "南通": 625.0,
        "盐城": 263.0,
        "扬州": 595.0,
        "镇江": 3834.0,
        "泰州": 113.0,
        "杭州": 5935.0,
        "宁波": 2102.0,
        "嘉兴": 2459.0,
        "湖州": 317.0,
        "绍兴": 212.0,
        "金华": 1238.0,
        "舟山": 8.0,
        "台州": 1089.0,
        "合肥": 23410.0,
        "芜湖": 0.0,
        "蚌埠": 1091.0,
        "马鞍": 15750.0,
        "铜陵": 5216.0,
        "安庆": 2438.0,
        "滁州": 1506.0,
        "池州": 2629.0,
        "宣城": 13606.0
    },
    {
        "上海": 3451.0,
        "南京": 4933.0,
        "无锡": 1533.0,
        "常州": 139.0,
        "苏州": 2446.0,
        "南通": 479.0,
        "盐城": 26.0,
        "扬州": 232.0,
        "镇江": 633.0,
        "泰州": 112.0,
        "杭州": 1743.0,
        "宁波": 343.0,
        "嘉兴": 1460.0,
        "湖州": 53.0,
        "绍兴": 90.0,
        "金华": 1356.0,
        "舟山": 30.0,
        "台州": 412.0,
        "合肥": 18790.0,
        "芜湖": 1084.0,
        "蚌埠": 0.0,
        "马鞍": 699.0,
        "铜陵": 19.0,
        "安庆": 165.0,
        "滁州": 11530.0,
        "池州": 107.0,
        "宣城": 30.0
    },
    {
        "上海": 3350.0,
        "南京": 16632.0,
        "无锡": 1358.0,
        "常州": 1274.0,
        "苏州": 4823.0,
        "南通": 929.0,
        "盐城": 318.0,
        "扬州": 553.0,
        "镇江": 2137.0,
        "泰州": 596.0,
        "杭州": 1577.0,
        "宁波": 1244.0,
        "嘉兴": 509.0,
        "湖州": 802.0,
        "绍兴": 459.0,
        "金华": 1090.0,
        "舟山": 167.0,
        "台州": 249.0,
        "合肥": 8911.0,
        "芜湖": 16080.0,
        "蚌埠": 686.0,
        "马鞍": 0.0,
        "铜陵": 631.0,
        "安庆": 1126.0,
        "滁州": 6732.0,
        "池州": 461.0,
        "宣城": 2571.0
    },
    {
        "上海": 314.0,
        "南京": 591.0,
        "无锡": 110.0,
        "常州": 229.0,
        "苏州": 180.0,
        "南通": 68.0,
        "盐城": 35.0,
        "扬州": 124.0,
        "镇江": 523.0,
        "泰州": 10.0,
        "杭州": 54.0,
        "宁波": 79.0,
        "嘉兴": 55.0,
        "湖州": 66.0,
        "绍兴": 30.0,
        "金华": 9.0,
        "舟山": 0.0,
        "台州": 0.0,
        "合肥": 3676.0,
        "芜湖": 5219.0,
        "蚌埠": 19.0,
        "马鞍": 634.0,
        "铜陵": 0.0,
        "安庆": 827.0,
        "滁州": 123.0,
        "池州": 767.0,
        "宣城": 867.0
    },
    {
        "上海": 1087.0,
        "南京": 1352.0,
        "无锡": 471.0,
        "常州": 271.0,
        "苏州": 408.0,
        "南通": 50.0,
        "盐城": 105.0,
        "扬州": 38.0,
        "镇江": 581.0,
        "泰州": 24.0,
        "杭州": 255.0,
        "宁波": 356.0,
        "嘉兴": 124.0,
        "湖州": 17.0,
        "绍兴": 31.0,
        "金华": 126.0,
        "舟山": 4.0,
        "台州": 7.0,
        "合肥": 20114.0,
        "芜湖": 2438.0,
        "蚌埠": 162.0,
        "马鞍": 1125.0,
        "铜陵": 826.0,
        "安庆": 0.0,
        "滁州": 186.0,
        "池州": 1255.0,
        "宣城": 31.0
    },
    {
        "上海": 2547.0,
        "南京": 31020.0,
        "无锡": 642.0,
        "常州": 630.0,
        "苏州": 2855.0,
        "南通": 696.0,
        "盐城": 187.0,
        "扬州": 4330.0,
        "镇江": 3536.0,
        "泰州": 1231.0,
        "杭州": 758.0,
        "宁波": 915.0,
        "嘉兴": 253.0,
        "湖州": 89.0,
        "绍兴": 83.0,
        "金华": 103.0,
        "舟山": 12.0,
        "台州": 67.0,
        "合肥": 9289.0,
        "芜湖": 1494.0,
        "蚌埠": 11517.0,
        "马鞍": 6806.0,
        "铜陵": 120.0,
        "安庆": 185.0,
        "滁州": 0.0,
        "池州": 59.0,
        "宣城": 157.0
    },
    {
        "上海": 143.0,
        "南京": 607.0,
        "无锡": 88.0,
        "常州": 97.0,
        "苏州": 308.0,
        "南通": 20.0,
        "盐城": 44.0,
        "扬州": 24.0,
        "镇江": 334.0,
        "泰州": 2.0,
        "杭州": 60.0,
        "宁波": 38.0,
        "嘉兴": 75.0,
        "湖州": 46.0,
        "绍兴": 7.0,
        "金华": 3.0,
        "舟山": 1.0,
        "台州": 6.0,
        "合肥": 5234.0,
        "芜湖": 2627.0,
        "蚌埠": 107.0,
        "马鞍": 460.0,
        "铜陵": 769.0,
        "安庆": 1265.0,
        "滁州": 59.0,
        "池州": 0.0,
        "宣城": 508.0
    },
    {
        "上海": 2724.0,
        "南京": 24444.0,
        "无锡": 11362.0,
        "常州": 9440.0,
        "苏州": 2472.0,
        "南通": 295.0,
        "盐城": 109.0,
        "扬州": 93.0,
        "镇江": 1693.0,
        "泰州": 89.0,
        "杭州": 55927.0,
        "宁波": 588.0,
        "嘉兴": 3910.0,
        "湖州": 24985.0,
        "绍兴": 4080.0,
        "金华": 107.0,
        "舟山": 64.0,
        "台州": 56.0,
        "合肥": 3787.0,
        "芜湖": 13604.0,
        "蚌埠": 31.0,
        "马鞍": 2569.0,
        "铜陵": 867.0,
        "安庆": 30.0,
        "滁州": 156.0,
        "池州": 513.0,
        "宣城": 0.0
    }
]
"cols":[
    {
        "上海": 0.0,
        "南京": 35081.0,
        "无锡": 69076.0,
        "常州": 32921.0,
        "苏州": 576739.0,
        "南通": 31592.0,
        "盐城": 10460.0,
        "扬州": 11594.0,
        "镇江": 11392.0,
        "泰州": 12603.0,
        "杭州": 64730.0,
        "宁波": 36922.0,
        "嘉兴": 101702.0,
        "湖州": 17041.0,
        "绍兴": 8564.0,
        "金华": 20564.0,
        "舟山": 28456.0,
        "台州": 11685.0,
        "合肥": 19241.0,
        "芜湖": 9756.0,
        "蚌埠": 3451.0,
        "马鞍": 3350.0,
        "铜陵": 314.0,
        "安庆": 1087.0,
        "滁州": 2547.0,
        "池州": 143.0,
        "宣城": 2724.0
    },
    {
        "上海": 35227.0,
        "南京": 0.0,
        "无锡": 24210.0,
        "常州": 21378.0,
        "苏州": 29271.0,
        "南通": 8945.0,
        "盐城": 5107.0,
        "扬州": 19315.0,
        "镇江": 78943.0,
        "泰州": 9900.0,
        "杭州": 15055.0,
        "宁波": 5502.0,
        "嘉兴": 4667.0,
        "湖州": 1719.0,
        "绍兴": 1279.0,
        "金华": 3845.0,
        "舟山": 109.0,
        "台州": 3258.0,
        "合肥": 16140.0,
        "芜湖": 16459.0,
        "蚌埠": 4933.0,
        "马鞍": 16632.0,
        "铜陵": 591.0,
        "安庆": 1352.0,
        "滁州": 31020.0,
        "池州": 607.0,
        "宣城": 24444.0
    },
    {
        "上海": 69075.0,
        "南京": 24223.0,
        "无锡": 0.0,
        "常州": 105587.0,
        "苏州": 217099.0,
        "南通": 21014.0,
        "盐城": 9845.0,
        "扬州": 8611.0,
        "镇江": 11305.0,
        "泰州": 18758.0,
        "杭州": 15354.0,
        "宁波": 10425.0,
        "嘉兴": 13125.0,
        "湖州": 7944.0,
        "绍兴": 2658.0,
        "金华": 6564.0,
        "舟山": 209.0,
        "台州": 4701.0,
        "合肥": 5464.0,
        "芜湖": 3680.0,
        "蚌埠": 1533.0,
        "马鞍": 1358.0,
        "铜陵": 110.0,
        "安庆": 471.0,
        "滁州": 642.0,
        "池州": 88.0,
        "宣城": 11362.0
    },
    {
        "上海": 32983.0,
        "南京": 21385.0,
        "无锡": 106274.0,
        "常州": 0.0,
        "苏州": 49094.0,
        "南通": 7613.0,
        "盐城": 3032.0,
        "扬州": 5177.0,
        "镇江": 37459.0,
        "泰州": 7686.0,
        "杭州": 9784.0,
        "宁波": 4541.0,
        "嘉兴": 7083.0,
        "湖州": 5005.0,
        "绍兴": 1257.0,
        "金华": 2476.0,
        "舟山": 148.0,
        "台州": 2063.0,
        "合肥": 2876.0,
        "芜湖": 2974.0,
        "蚌埠": 139.0,
        "马鞍": 1274.0,
        "铜陵": 229.0,
        "安庆": 271.0,
        "滁州": 630.0,
        "池州": 97.0,
        "宣城": 9440.0
    },
    {
        "上海": 575467.0,
        "南京": 29336.0,
        "无锡": 216620.0,
        "常州": 49185.0,
        "苏州": 0.0,
        "南通": 45304.0,
        "盐城": 11693.0,
        "扬州": 7503.0,
        "镇江": 13111.0,
        "泰州": 12523.0,
        "杭州": 44921.0,
        "宁波": 23763.0,
        "嘉兴": 49880.0,
        "湖州": 21710.0,
        "绍兴": 21167.0,
        "金华": 16400.0,
        "舟山": 1405.0,
        "台州": 10546.0,
        "合肥": 13608.0,
        "芜湖": 8709.0,
        "蚌埠": 2446.0,
        "马鞍": 4823.0,
        "铜陵": 180.0,
        "安庆": 408.0,
        "滁州": 2855.0,
        "池州": 308.0,
        "宣城": 2472.0
    },
    {
        "上海": 31597.0,
        "南京": 8952.0,
        "无锡": 21000.0,
        "常州": 7622.0,
        "苏州": 45307.0,
        "南通": 0.0,
        "盐城": 5667.0,
        "扬州": 2656.0,
        "镇江": 2830.0,
        "泰州": 9941.0,
        "杭州": 8264.0,
        "宁波": 3214.0,
        "嘉兴": 5690.0,
        "湖州": 930.0,
        "绍兴": 1302.0,
        "金华": 3288.0,
        "舟山": 166.0,
        "台州": 1476.0,
        "合肥": 1431.0,
        "芜湖": 625.0,
        "蚌埠": 479.0,
        "马鞍": 929.0,
        "铜陵": 68.0,
        "安庆": 50.0,
        "滁州": 696.0,
        "池州": 20.0,
        "宣城": 295.0
    },
    {
        "上海": 10490.0,
        "南京": 5102.0,
        "无锡": 9820.0,
        "常州": 3039.0,
        "苏州": 11639.0,
        "南通": 5662.0,
        "盐城": 0.0,
        "扬州": 2299.0,
        "镇江": 2766.0,
        "泰州": 12663.0,
        "杭州": 3562.0,
        "宁波": 1261.0,
        "嘉兴": 2096.0,
        "湖州": 464.0,
        "绍兴": 799.0,
        "金华": 2602.0,
        "舟山": 23.0,
        "台州": 370.0,
        "合肥": 766.0,
        "芜湖": 263.0,
        "蚌埠": 26.0,
        "马鞍": 318.0,
        "铜陵": 35.0,
        "安庆": 105.0,
        "滁州": 187.0,
        "池州": 44.0,
        "宣城": 109.0
    },
    {
        "上海": 11637.0,
        "南京": 19374.0,
        "无锡": 8619.0,
        "常州": 5157.0,
        "苏州": 7466.0,
        "南通": 2651.0,
        "盐城": 2304.0,
        "扬州": 0.0,
        "镇江": 9084.0,
        "泰州": 22854.0,
        "杭州": 3010.0,
        "宁波": 2283.0,
        "嘉兴": 2440.0,
        "湖州": 898.0,
        "绍兴": 394.0,
        "金华": 1722.0,
        "舟山": 67.0,
        "台州": 658.0,
        "合肥": 1335.0,
        "芜湖": 595.0,
        "蚌埠": 232.0,
        "马鞍": 553.0,
        "铜陵": 124.0,
        "安庆": 38.0,
        "滁州": 4330.0,
        "池州": 24.0,
        "宣城": 93.0
    },
    {
        "上海": 11435.0,
        "南京": 78367.0,
        "无锡": 11313.0,
        "常州": 37482.0,
        "苏州": 13184.0,
        "南通": 2840.0,
        "盐城": 2768.0,
        "扬州": 9128.0,
        "镇江": 0.0,
        "泰州": 4533.0,
        "杭州": 1487.0,
        "宁波": 2366.0,
        "嘉兴": 2569.0,
        "湖州": 242.0,
        "绍兴": 255.0,
        "金华": 2010.0,
        "舟山": 105.0,
        "台州": 1279.0,
        "合肥": 2341.0,
        "芜湖": 3834.0,
        "蚌埠": 633.0,
        "马鞍": 2137.0,
        "铜陵": 523.0,
        "安庆": 581.0,
        "滁州": 3536.0,
        "池州": 334.0,
        "宣城": 1693.0
    },
    {
        "上海": 12575.0,
        "南京": 9904.0,
        "无锡": 18614.0,
        "常州": 7941.0,
        "苏州": 12549.0,
        "南通": 9965.0,
        "盐城": 12627.0,
        "扬州": 22865.0,
        "镇江": 4489.0,
        "泰州": 0.0,
        "杭州": 4330.0,
        "宁波": 2190.0,
        "嘉兴": 2088.0,
        "湖州": 290.0,
        "绍兴": 235.0,
        "金华": 1483.0,
        "舟山": 60.0,
        "台州": 1701.0,
        "合肥": 680.0,
        "芜湖": 113.0,
        "蚌埠": 112.0,
        "马鞍": 596.0,
        "铜陵": 10.0,
        "安庆": 24.0,
        "滁州": 1231.0,
        "池州": 2.0,
        "宣城": 89.0
    },
    {
        "上海": 64664.0,
        "南京": 15035.0,
        "无锡": 15344.0,
        "常州": 9771.0,
        "苏州": 45282.0,
        "南通": 8236.0,
        "盐城": 3583.0,
        "扬州": 3012.0,
        "镇江": 1494.0,
        "泰州": 4306.0,
        "杭州": 0.0,
        "宁波": 75078.0,
        "嘉兴": 179387.0,
        "湖州": 87536.0,
        "绍兴": 93237.0,
        "金华": 48287.0,
        "舟山": 1054.0,
        "台州": 26197.0,
        "合肥": 9510.0,
        "芜湖": 5935.0,
        "蚌埠": 1743.0,
        "马鞍": 1577.0,
        "铜陵": 54.0,
        "安庆": 255.0,
        "滁州": 758.0,
        "池州": 60.0,
        "宣城": 55927.0
    },
    {
        "上海": 36902.0,
        "南京": 5525.0,
        "无锡": 10424.0,
        "常州": 4556.0,
        "苏州": 23868.0,
        "南通": 3215.0,
        "盐城": 1257.0,
        "扬州": 2282.0,
        "镇江": 2356.0,
        "泰州": 2186.0,
        "杭州": 75180.0,
        "宁波": 0.0,
        "嘉兴": 20514.0,
        "湖州": 5342.0,
        "绍兴": 16053.0,
        "金华": 22946.0,
        "舟山": 8684.0,
        "台州": 25432.0,
        "合肥": 4241.0,
        "芜湖": 2102.0,
        "蚌埠": 343.0,
        "马鞍": 1244.0,
        "铜陵": 79.0,
        "安庆": 356.0,
        "滁州": 915.0,
        "池州": 38.0,
        "宣城": 588.0
    },
    {
        "上海": 101644.0,
        "南京": 4661.0,
        "无锡": 13105.0,
        "常州": 7079.0,
        "苏州": 48514.0,
        "南通": 5708.0,
        "盐城": 2096.0,
        "扬州": 2440.0,
        "镇江": 2567.0,
        "泰州": 2108.0,
        "杭州": 178536.0,
        "宁波": 20615.0,
        "嘉兴": 0.0,
        "湖州": 33237.0,
        "绍兴": 42058.0,
        "金华": 15140.0,
        "舟山": 4984.0,
        "台州": 8479.0,
        "合肥": 3593.0,
        "芜湖": 2459.0,
        "蚌埠": 1460.0,
        "马鞍": 509.0,
        "铜陵": 55.0,
        "安庆": 124.0,
        "滁州": 253.0,
        "池州": 75.0,
        "宣城": 3910.0
    },
    {
        "上海": 17108.0,
        "南京": 1722.0,
        "无锡": 7958.0,
        "常州": 4997.0,
        "苏州": 21525.0,
        "南通": 928.0,
        "盐城": 465.0,
        "扬州": 893.0,
        "镇江": 241.0,
        "泰州": 311.0,
        "杭州": 87576.0,
        "宁波": 5366.0,
        "嘉兴": 33196.0,
        "湖州": 0.0,
        "绍兴": 7783.0,
        "金华": 6031.0,
        "舟山": 568.0,
        "台州": 1913.0,
        "合肥": 1128.0,
        "芜湖": 317.0,
        "蚌埠": 53.0,
        "马鞍": 802.0,
        "铜陵": 66.0,
        "安庆": 17.0,
        "滁州": 89.0,
        "池州": 46.0,
        "宣城": 24985.0
    },
    {
        "上海": 8581.0,
        "南京": 1284.0,
        "无锡": 2669.0,
        "常州": 1251.0,
        "苏州": 22333.0,
        "南通": 1313.0,
        "盐城": 779.0,
        "扬州": 392.0,
        "镇江": 254.0,
        "泰州": 238.0,
        "杭州": 93662.0,
        "宁波": 16148.0,
        "嘉兴": 40665.0,
        "湖州": 7704.0,
        "绍兴": 0.0,
        "金华": 9048.0,
        "舟山": 111.0,
        "台州": 1837.0,
        "合肥": 929.0,
        "芜湖": 212.0,
        "蚌埠": 90.0,
        "马鞍": 459.0,
        "铜陵": 30.0,
        "安庆": 31.0,
        "滁州": 83.0,
        "池州": 7.0,
        "宣城": 4080.0
    },
    {
        "上海": 20571.0,
        "南京": 3853.0,
        "无锡": 6556.0,
        "常州": 2479.0,
        "苏州": 16413.0,
        "南通": 3300.0,
        "盐城": 2609.0,
        "扬州": 1729.0,
        "镇江": 2003.0,
        "泰州": 1487.0,
        "杭州": 48363.0,
        "宁波": 22962.0,
        "嘉兴": 15095.0,
        "湖州": 6040.0,
        "绍兴": 9019.0,
        "金华": 0.0,
        "舟山": 95.0,
        "台州": 14470.0,
        "合肥": 3654.0,
        "芜湖": 1238.0,
        "蚌埠": 1356.0,
        "马鞍": 1090.0,
        "铜陵": 9.0,
        "安庆": 126.0,
        "滁州": 103.0,
        "池州": 3.0,
        "宣城": 107.0
    },
    {
        "上海": 28582.0,
        "南京": 113.0,
        "无锡": 203.0,
        "常州": 147.0,
        "苏州": 1422.0,
        "南通": 166.0,
        "盐城": 24.0,
        "扬州": 71.0,
        "镇江": 106.0,
        "泰州": 60.0,
        "杭州": 1069.0,
        "宁波": 8710.0,
        "嘉兴": 4971.0,
        "湖州": 564.0,
        "绍兴": 110.0,
        "金华": 92.0,
        "舟山": 0.0,
        "台州": 126.0,
        "合肥": 181.0,
        "芜湖": 8.0,
        "蚌埠": 30.0,
        "马鞍": 167.0,
        "铜陵": 0.0,
        "安庆": 4.0,
        "滁州": 12.0,
        "池州": 1.0,
        "宣城": 64.0
    },
    {
        "上海": 11741.0,
        "南京": 3246.0,
        "无锡": 4695.0,
        "常州": 2055.0,
        "苏州": 10545.0,
        "南通": 1468.0,
        "盐城": 376.0,
        "扬州": 667.0,
        "镇江": 1281.0,
        "泰州": 1701.0,
        "杭州": 26239.0,
        "宁波": 25469.0,
        "嘉兴": 8446.0,
        "湖州": 1896.0,
        "绍兴": 1829.0,
        "金华": 14490.0,
        "舟山": 125.0,
        "台州": 0.0,
        "合肥": 1705.0,
        "芜湖": 1089.0,
        "蚌埠": 412.0,
        "马鞍": 249.0,
        "铜陵": 0.0,
        "安庆": 7.0,
        "滁州": 67.0,
        "池州": 6.0,
        "宣城": 56.0
    },
    {
        "上海": 19326.0,
        "南京": 16161.0,
        "无锡": 5464.0,
        "常州": 2870.0,
        "苏州": 13603.0,
        "南通": 1441.0,
        "盐城": 763.0,
        "扬州": 1339.0,
        "镇江": 2336.0,
        "泰州": 679.0,
        "杭州": 9573.0,
        "宁波": 4265.0,
        "嘉兴": 3571.0,
        "湖州": 1126.0,
        "绍兴": 931.0,
        "金华": 3651.0,
        "舟山": 173.0,
        "台州": 1692.0,
        "合肥": 0.0,
        "芜湖": 23410.0,
        "蚌埠": 18790.0,
        "马鞍": 8911.0,
        "铜陵": 3676.0,
        "安庆": 20114.0,
        "滁州": 9289.0,
        "池州": 5234.0,
        "宣城": 3787.0
    },
    {
        "上海": 9755.0,
        "南京": 16461.0,
        "无锡": 3664.0,
        "常州": 2976.0,
        "苏州": 8486.0,
        "南通": 627.0,
        "盐城": 266.0,
        "扬州": 594.0,
        "镇江": 3787.0,
        "泰州": 115.0,
        "杭州": 5933.0,
        "宁波": 2101.0,
        "嘉兴": 2460.0,
        "湖州": 318.0,
        "绍兴": 209.0,
        "金华": 1249.0,
        "舟山": 8.0,
        "台州": 1090.0,
        "合肥": 23457.0,
        "芜湖": 0.0,
        "蚌埠": 1084.0,
        "马鞍": 16080.0,
        "铜陵": 5219.0,
        "安庆": 2438.0,
        "滁州": 1494.0,
        "池州": 2627.0,
        "宣城": 13604.0
    },
    {
        "上海": 3466.0,
        "南京": 4946.0,
        "无锡": 1528.0,
        "常州": 142.0,
        "苏州": 2454.0,
        "南通": 488.0,
        "盐城": 26.0,
        "扬州": 223.0,
        "镇江": 633.0,
        "泰州": 112.0,
        "杭州": 1753.0,
        "宁波": 345.0,
        "嘉兴": 1455.0,
        "湖州": 54.0,
        "绍兴": 89.0,
        "金华": 1349.0,
        "舟山": 29.0,
        "台州": 410.0,
        "合肥": 18765.0,
        "芜湖": 1091.0,
        "蚌埠": 0.0,
        "马鞍": 686.0,
        "铜陵": 19.0,
        "安庆": 162.0,
        "滁州": 11517.0,
        "池州": 107.0,
        "宣城": 31.0
    },
    {
        "上海": 3366.0,
        "南京": 16577.0,
        "无锡": 1377.0,
        "常州": 1274.0,
        "苏州": 5020.0,
        "南通": 921.0,
        "盐城": 323.0,
        "扬州": 549.0,
        "镇江": 2136.0,
        "泰州": 591.0,
        "杭州": 1572.0,
        "宁波": 1246.0,
        "嘉兴": 505.0,
        "湖州": 801.0,
        "绍兴": 461.0,
        "金华": 1091.0,
        "舟山": 167.0,
        "台州": 246.0,
        "合肥": 8933.0,
        "芜湖": 15750.0,
        "蚌埠": 699.0,
        "马鞍": 0.0,
        "铜陵": 634.0,
        "安庆": 1125.0,
        "滁州": 6806.0,
        "池州": 460.0,
        "宣城": 2569.0
    },
    {
        "上海": 316.0,
        "南京": 589.0,
        "无锡": 109.0,
        "常州": 229.0,
        "苏州": 182.0,
        "南通": 66.0,
        "盐城": 36.0,
        "扬州": 126.0,
        "镇江": 524.0,
        "泰州": 10.0,
        "杭州": 54.0,
        "宁波": 80.0,
        "嘉兴": 53.0,
        "湖州": 66.0,
        "绍兴": 30.0,
        "金华": 9.0,
        "舟山": 0.0,
        "台州": 0.0,
        "合肥": 3686.0,
        "芜湖": 5216.0,
        "蚌埠": 19.0,
        "马鞍": 631.0,
        "铜陵": 0.0,
        "安庆": 826.0,
        "滁州": 120.0,
        "池州": 769.0,
        "宣城": 867.0
    },
    {
        "上海": 1085.0,
        "南京": 1363.0,
        "无锡": 459.0,
        "常州": 273.0,
        "苏州": 411.0,
        "南通": 51.0,
        "盐城": 100.0,
        "扬州": 38.0,
        "镇江": 574.0,
        "泰州": 24.0,
        "杭州": 255.0,
        "宁波": 351.0,
        "嘉兴": 123.0,
        "湖州": 17.0,
        "绍兴": 36.0,
        "金华": 113.0,
        "舟山": 4.0,
        "台州": 7.0,
        "合肥": 20121.0,
        "芜湖": 2438.0,
        "蚌埠": 165.0,
        "马鞍": 1126.0,
        "铜陵": 827.0,
        "安庆": 0.0,
        "滁州": 185.0,
        "池州": 1265.0,
        "宣城": 30.0
    },
    {
        "上海": 2586.0,
        "南京": 31118.0,
        "无锡": 655.0,
        "常州": 634.0,
        "苏州": 2869.0,
        "南通": 692.0,
        "盐城": 188.0,
        "扬州": 4334.0,
        "镇江": 3511.0,
        "泰州": 1226.0,
        "杭州": 758.0,
        "宁波": 923.0,
        "嘉兴": 258.0,
        "湖州": 87.0,
        "绍兴": 83.0,
        "金华": 104.0,
        "舟山": 12.0,
        "台州": 67.0,
        "合肥": 9295.0,
        "芜湖": 1506.0,
        "蚌埠": 11530.0,
        "马鞍": 6732.0,
        "铜陵": 123.0,
        "安庆": 186.0,
        "滁州": 0.0,
        "池州": 59.0,
        "宣城": 156.0
    },
    {
        "上海": 140.0,
        "南京": 609.0,
        "无锡": 82.0,
        "常州": 99.0,
        "苏州": 308.0,
        "南通": 20.0,
        "盐城": 45.0,
        "扬州": 25.0,
        "镇江": 333.0,
        "泰州": 2.0,
        "杭州": 61.0,
        "宁波": 38.0,
        "嘉兴": 75.0,
        "湖州": 46.0,
        "绍兴": 4.0,
        "金华": 15.0,
        "舟山": 1.0,
        "台州": 6.0,
        "合肥": 5245.0,
        "芜湖": 2629.0,
        "蚌埠": 107.0,
        "马鞍": 461.0,
        "铜陵": 767.0,
        "安庆": 1255.0,
        "滁州": 59.0,
        "池州": 0.0,
        "宣城": 513.0
    },
    {
        "上海": 2720.0,
        "南京": 24377.0,
        "无锡": 11348.0,
        "常州": 9367.0,
        "苏州": 2471.0,
        "南通": 295.0,
        "盐城": 103.0,
        "扬州": 93.0,
        "镇江": 1671.0,
        "泰州": 132.0,
        "杭州": 55403.0,
        "宁波": 582.0,
        "嘉兴": 3886.0,
        "湖州": 24902.0,
        "绍兴": 3989.0,
        "金华": 108.0,
        "舟山": 65.0,
        "台州": 55.0,
        "合肥": 3791.0,
        "芜湖": 13606.0,
        "蚌埠": 30.0,
        "马鞍": 2571.0,
        "铜陵": 867.0,
        "安庆": 31.0,
        "滁州": 157.0,
        "池州": 508.0,
        "宣城": 0.0
    }
]


}
